metric_name,value,confidence,anomaly_score,incident_type_name,description,category
network_rx_dropped_total,641.42,0.95,0.0113,NetworkPacketLoss,High packet drop rate,Network
memory_oom_kills_total,347.79,0.89,0.0235,MemoryOOM,OOM kills observed,Stability
network_rx_dropped_total,681.4,0.93,0.0155,NetworkPacketLoss,High packet drop rate,Network
node_network_latency_seconds,641.98,0.79,0.0257,NetworkLatency,High network latency,Network
node_memory_utilization,603.65,0.83,0.0319,MemoryPressure,High memory pressure detected,Performance
cpu_throttling_seconds,420.14,0.84,0.0152,CPULimitThrottling,CPU throttling detected,Performance
node_disk_read_time_seconds,537.03,0.87,0.0321,DiskLatency,Disk read time anomaly,Performance
cpu_throttling_seconds,421.7,0.79,0.0199,CPULimitThrottling,CPU throttling detected,Performance
cpu_throttling_seconds,149.45,0.93,0.0176,CPULimitThrottling,CPU throttling detected,Performance
cpu_throttling_seconds,440.92,0.95,0.0306,CPULimitThrottling,CPU throttling detected,Performance
node_disk_read_time_seconds,711.22,0.96,0.0329,DiskLatency,Disk read time anomaly,Performance
node_disk_read_time_seconds,189.03,0.91,0.0147,DiskLatency,Disk read time anomaly,Performance
node_cpu_usage_percent,806.63,0.91,0.0323,HighCPUUsage,CPU usage above threshold,Performance
network_rx_dropped_total,13.99,0.9,0.014,NetworkPacketLoss,High packet drop rate,Network
node_cpu_usage_percent,567.91,0.86,0.0366,HighCPUUsage,CPU usage above threshold,Performance
network_rx_dropped_total,204.63,0.87,0.013,NetworkPacketLoss,High packet drop rate,Network
disk_io_utilization,653.02,0.89,0.0117,DiskSaturation,High disk IO utilization,Performance
memory_oom_kills_total,736.62,0.83,0.0251,MemoryOOM,OOM kills observed,Stability
node_disk_read_time_seconds,860.77,0.88,0.0299,DiskLatency,Disk read time anomaly,Performance
network_rx_dropped_total,254.02,0.91,0.0247,NetworkPacketLoss,High packet drop rate,Network
disk_io_utilization,336.0,0.98,0.0324,DiskSaturation,High disk IO utilization,Performance
node_disk_read_time_seconds,719.03,0.79,0.0137,DiskLatency,Disk read time anomaly,Performance
disk_io_utilization,51.45,0.88,0.0294,DiskSaturation,High disk IO utilization,Performance
node_memory_utilization,165.94,0.79,0.0114,MemoryPressure,High memory pressure detected,Performance
node_memory_utilization,596.64,0.83,0.0383,MemoryPressure,High memory pressure detected,Performance
node_disk_read_time_seconds,556.65,0.96,0.015,DiskLatency,Disk read time anomaly,Performance
disk_io_utilization,238.42,0.86,0.0253,DiskSaturation,High disk IO utilization,Performance
node_cpu_usage_percent,516.3,0.76,0.0361,HighCPUUsage,CPU usage above threshold,Performance
disk_io_utilization,317.07,0.96,0.0127,DiskSaturation,High disk IO utilization,Performance
memory_oom_kills_total,545.32,0.9,0.0135,MemoryOOM,OOM kills observed,Stability
node_cpu_usage_percent,624.83,0.79,0.0104,HighCPUUsage,CPU usage above threshold,Performance
node_cpu_usage_percent,458.31,0.98,0.0387,HighCPUUsage,CPU usage above threshold,Performance
network_rx_dropped_total,46.93,0.85,0.0204,NetworkPacketLoss,High packet drop rate,Network
disk_io_utilization,108.06,0.95,0.0365,DiskSaturation,High disk IO utilization,Performance
node_cpu_usage_percent,472.25,0.8,0.0335,HighCPUUsage,CPU usage above threshold,Performance
node_cpu_usage_percent,414.96,0.84,0.0244,HighCPUUsage,CPU usage above threshold,Performance
node_memory_utilization,756.46,0.87,0.0228,MemoryPressure,High memory pressure detected,Performance
cpu_throttling_seconds,21.51,0.81,0.021,CPULimitThrottling,CPU throttling detected,Performance
network_rx_dropped_total,64.79,0.89,0.0172,NetworkPacketLoss,High packet drop rate,Network
node_disk_read_time_seconds,197.46,0.94,0.0398,DiskLatency,Disk read time anomaly,Performance
node_cpu_usage_percent,593.27,0.99,0.0155,HighCPUUsage,CPU usage above threshold,Performance
cpu_throttling_seconds,514.71,0.85,0.0135,CPULimitThrottling,CPU throttling detected,Performance
node_memory_utilization,691.16,0.88,0.0255,MemoryPressure,High memory pressure detected,Performance
cpu_throttling_seconds,497.33,0.84,0.0283,CPULimitThrottling,CPU throttling detected,Performance
node_disk_read_time_seconds,552.02,0.82,0.0314,DiskLatency,Disk read time anomaly,Performance
node_disk_read_time_seconds,515.7,0.95,0.0337,DiskLatency,Disk read time anomaly,Performance
disk_io_utilization,211.9,0.8,0.0363,DiskSaturation,High disk IO utilization,Performance
node_cpu_usage_percent,121.55,0.94,0.0284,HighCPUUsage,CPU usage above threshold,Performance
node_cpu_usage_percent,60.16,0.81,0.0298,HighCPUUsage,CPU usage above threshold,Performance
node_network_latency_seconds,314.89,0.94,0.0124,NetworkLatency,High network latency,Network
cpu_throttling_seconds,67.91,0.87,0.0183,CPULimitThrottling,CPU throttling detected,Performance
node_disk_read_time_seconds,665.5,0.97,0.0294,DiskLatency,Disk read time anomaly,Performance
network_rx_dropped_total,354.82,0.8,0.0223,NetworkPacketLoss,High packet drop rate,Network
node_memory_utilization,642.31,0.79,0.0191,MemoryPressure,High memory pressure detected,Performance
node_cpu_usage_percent,496.9,0.96,0.0261,HighCPUUsage,CPU usage above threshold,Performance
node_disk_read_time_seconds,742.7,0.94,0.0133,DiskLatency,Disk read time anomaly,Performance
disk_io_utilization,756.48,0.98,0.0198,DiskSaturation,High disk IO utilization,Performance
node_disk_read_time_seconds,717.89,0.88,0.0361,DiskLatency,Disk read time anomaly,Performance
memory_oom_kills_total,329.49,0.81,0.0344,MemoryOOM,OOM kills observed,Stability
disk_io_utilization,408.92,0.8,0.0359,DiskSaturation,High disk IO utilization,Performance
node_network_latency_seconds,196.82,0.93,0.0339,NetworkLatency,High network latency,Network
network_rx_dropped_total,289.77,0.9,0.0342,NetworkPacketLoss,High packet drop rate,Network
cpu_throttling_seconds,543.06,0.75,0.0182,CPULimitThrottling,CPU throttling detected,Performance
node_disk_read_time_seconds,714.12,0.86,0.0214,DiskLatency,Disk read time anomaly,Performance
node_disk_read_time_seconds,217.21,0.78,0.0273,DiskLatency,Disk read time anomaly,Performance
node_disk_read_time_seconds,794.36,0.92,0.0231,DiskLatency,Disk read time anomaly,Performance
network_rx_dropped_total,687.15,0.79,0.0376,NetworkPacketLoss,High packet drop rate,Network
cpu_throttling_seconds,43.09,0.77,0.0223,CPULimitThrottling,CPU throttling detected,Performance
node_cpu_usage_percent,930.66,0.84,0.033,HighCPUUsage,CPU usage above threshold,Performance
node_disk_read_time_seconds,797.99,0.83,0.019,DiskLatency,Disk read time anomaly,Performance
node_network_latency_seconds,112.8,0.85,0.0215,NetworkLatency,High network latency,Network
node_cpu_usage_percent,322.81,0.76,0.0246,HighCPUUsage,CPU usage above threshold,Performance
node_disk_read_time_seconds,946.77,0.83,0.038,DiskLatency,Disk read time anomaly,Performance
memory_oom_kills_total,645.49,0.91,0.0204,MemoryOOM,OOM kills observed,Stability
node_disk_read_time_seconds,118.48,0.79,0.0192,DiskLatency,Disk read time anomaly,Performance
node_cpu_usage_percent,335.4,0.84,0.0318,HighCPUUsage,CPU usage above threshold,Performance
network_rx_dropped_total,260.38,0.84,0.0228,NetworkPacketLoss,High packet drop rate,Network
memory_oom_kills_total,327.67,0.82,0.035,MemoryOOM,OOM kills observed,Stability
network_rx_dropped_total,72.76,0.81,0.0268,NetworkPacketLoss,High packet drop rate,Network
disk_io_utilization,876.01,0.94,0.0135,DiskSaturation,High disk IO utilization,Performance
node_memory_utilization,21.27,0.96,0.03,MemoryPressure,High memory pressure detected,Performance
node_disk_read_time_seconds,609.74,0.95,0.0394,DiskLatency,Disk read time anomaly,Performance
network_rx_dropped_total,431.55,0.78,0.0213,NetworkPacketLoss,High packet drop rate,Network
memory_oom_kills_total,230.26,0.77,0.0354,MemoryOOM,OOM kills observed,Stability
memory_oom_kills_total,398.12,0.85,0.0189,MemoryOOM,OOM kills observed,Stability
node_cpu_usage_percent,776.04,0.84,0.014,HighCPUUsage,CPU usage above threshold,Performance
disk_io_utilization,318.55,0.94,0.0139,DiskSaturation,High disk IO utilization,Performance
cpu_throttling_seconds,609.72,0.83,0.0263,CPULimitThrottling,CPU throttling detected,Performance
node_network_latency_seconds,171.8,0.83,0.0273,NetworkLatency,High network latency,Network
cpu_throttling_seconds,621.4,0.86,0.0316,CPULimitThrottling,CPU throttling detected,Performance
disk_io_utilization,752.58,0.89,0.0277,DiskSaturation,High disk IO utilization,Performance
cpu_throttling_seconds,680.2,0.96,0.0275,CPULimitThrottling,CPU throttling detected,Performance
node_memory_utilization,122.61,0.96,0.0314,MemoryPressure,High memory pressure detected,Performance
disk_io_utilization,828.94,0.85,0.0254,DiskSaturation,High disk IO utilization,Performance
memory_oom_kills_total,758.85,0.98,0.0189,MemoryOOM,OOM kills observed,Stability
node_disk_read_time_seconds,111.84,0.78,0.038,DiskLatency,Disk read time anomaly,Performance
memory_oom_kills_total,172.26,0.97,0.0121,MemoryOOM,OOM kills observed,Stability
memory_oom_kills_total,759.88,0.8,0.0335,MemoryOOM,OOM kills observed,Stability
memory_oom_kills_total,576.92,0.97,0.0279,MemoryOOM,OOM kills observed,Stability
cpu_throttling_seconds,524.01,0.75,0.0205,CPULimitThrottling,CPU throttling detected,Performance
node_network_latency_seconds,757.49,0.83,0.0251,NetworkLatency,High network latency,Network
disk_io_utilization,263.16,0.87,0.0204,DiskSaturation,High disk IO utilization,Performance
node_disk_read_time_seconds,338.01,0.99,0.0206,DiskLatency,Disk read time anomaly,Performance
disk_io_utilization,581.58,0.88,0.0284,DiskSaturation,High disk IO utilization,Performance
node_cpu_usage_percent,342.66,0.83,0.0183,HighCPUUsage,CPU usage above threshold,Performance
node_disk_read_time_seconds,757.44,0.78,0.0368,DiskLatency,Disk read time anomaly,Performance
cpu_throttling_seconds,659.33,0.88,0.0155,CPULimitThrottling,CPU throttling detected,Performance
node_cpu_usage_percent,117.75,0.83,0.0305,HighCPUUsage,CPU usage above threshold,Performance
cpu_throttling_seconds,677.7,0.84,0.0166,CPULimitThrottling,CPU throttling detected,Performance
node_cpu_usage_percent,65.85,0.96,0.0186,HighCPUUsage,CPU usage above threshold,Performance
memory_oom_kills_total,417.9,0.97,0.021,MemoryOOM,OOM kills observed,Stability
memory_oom_kills_total,333.4,0.89,0.0115,MemoryOOM,OOM kills observed,Stability
node_memory_utilization,18.0,0.83,0.0164,MemoryPressure,High memory pressure detected,Performance
node_network_latency_seconds,505.77,0.88,0.0355,NetworkLatency,High network latency,Network
node_disk_read_time_seconds,156.52,0.85,0.0205,DiskLatency,Disk read time anomaly,Performance
network_rx_dropped_total,52.23,0.88,0.0266,NetworkPacketLoss,High packet drop rate,Network
network_rx_dropped_total,753.67,0.85,0.0138,NetworkPacketLoss,High packet drop rate,Network
network_rx_dropped_total,294.04,0.91,0.0207,NetworkPacketLoss,High packet drop rate,Network
cpu_throttling_seconds,236.72,0.85,0.0362,CPULimitThrottling,CPU throttling detected,Performance
memory_oom_kills_total,347.06,0.82,0.0168,MemoryOOM,OOM kills observed,Stability
network_rx_dropped_total,650.97,0.86,0.0271,NetworkPacketLoss,High packet drop rate,Network
node_cpu_usage_percent,806.59,0.93,0.0195,HighCPUUsage,CPU usage above threshold,Performance
cpu_throttling_seconds,596.15,0.92,0.0133,CPULimitThrottling,CPU throttling detected,Performance
memory_oom_kills_total,552.69,0.98,0.0146,MemoryOOM,OOM kills observed,Stability
network_rx_dropped_total,261.13,0.98,0.0394,NetworkPacketLoss,High packet drop rate,Network
node_disk_read_time_seconds,627.8,0.99,0.0273,DiskLatency,Disk read time anomaly,Performance
network_rx_dropped_total,9.94,0.78,0.0399,NetworkPacketLoss,High packet drop rate,Network
node_network_latency_seconds,159.6,0.77,0.0295,NetworkLatency,High network latency,Network
cpu_throttling_seconds,291.75,0.76,0.014,CPULimitThrottling,CPU throttling detected,Performance
node_cpu_usage_percent,331.4,0.89,0.0367,HighCPUUsage,CPU usage above threshold,Performance
node_network_latency_seconds,198.73,0.93,0.0161,NetworkLatency,High network latency,Network
network_rx_dropped_total,694.07,0.87,0.0364,NetworkPacketLoss,High packet drop rate,Network
network_rx_dropped_total,501.86,0.99,0.0194,NetworkPacketLoss,High packet drop rate,Network
node_network_latency_seconds,197.82,0.88,0.0342,NetworkLatency,High network latency,Network
node_disk_read_time_seconds,683.58,0.79,0.012,DiskLatency,Disk read time anomaly,Performance
node_network_latency_seconds,12.86,0.84,0.0289,NetworkLatency,High network latency,Network
node_cpu_usage_percent,204.3,0.92,0.025,HighCPUUsage,CPU usage above threshold,Performance
network_rx_dropped_total,619.23,0.77,0.0157,NetworkPacketLoss,High packet drop rate,Network
cpu_throttling_seconds,69.07,0.91,0.0298,CPULimitThrottling,CPU throttling detected,Performance
node_disk_read_time_seconds,567.22,0.81,0.0176,DiskLatency,Disk read time anomaly,Performance
cpu_throttling_seconds,693.19,0.87,0.0387,CPULimitThrottling,CPU throttling detected,Performance
network_rx_dropped_total,531.32,0.96,0.0165,NetworkPacketLoss,High packet drop rate,Network
disk_io_utilization,253.01,0.76,0.0388,DiskSaturation,High disk IO utilization,Performance
node_cpu_usage_percent,741.19,0.77,0.0317,HighCPUUsage,CPU usage above threshold,Performance
network_rx_dropped_total,494.02,0.79,0.0231,NetworkPacketLoss,High packet drop rate,Network
node_cpu_usage_percent,676.6,0.8,0.0268,HighCPUUsage,CPU usage above threshold,Performance
cpu_throttling_seconds,856.25,0.93,0.0302,CPULimitThrottling,CPU throttling detected,Performance
memory_oom_kills_total,421.75,0.86,0.0326,MemoryOOM,OOM kills observed,Stability
node_network_latency_seconds,933.27,0.9,0.0246,NetworkLatency,High network latency,Network
node_network_latency_seconds,739.38,0.76,0.0359,NetworkLatency,High network latency,Network
memory_oom_kills_total,94.91,0.8,0.0154,MemoryOOM,OOM kills observed,Stability
node_memory_utilization,390.14,0.97,0.0186,MemoryPressure,High memory pressure detected,Performance
memory_oom_kills_total,508.29,0.94,0.0296,MemoryOOM,OOM kills observed,Stability
node_cpu_usage_percent,636.42,0.89,0.0298,HighCPUUsage,CPU usage above threshold,Performance
node_cpu_usage_percent,289.3,0.89,0.0148,HighCPUUsage,CPU usage above threshold,Performance
node_network_latency_seconds,211.96,0.85,0.0265,NetworkLatency,High network latency,Network
node_disk_read_time_seconds,242.78,0.81,0.013,DiskLatency,Disk read time anomaly,Performance
cpu_throttling_seconds,568.29,0.8,0.03,CPULimitThrottling,CPU throttling detected,Performance
node_network_latency_seconds,191.12,0.88,0.0336,NetworkLatency,High network latency,Network
cpu_throttling_seconds,319.3,0.97,0.0299,CPULimitThrottling,CPU throttling detected,Performance
network_rx_dropped_total,258.6,0.93,0.0243,NetworkPacketLoss,High packet drop rate,Network
node_cpu_usage_percent,566.42,0.76,0.0291,HighCPUUsage,CPU usage above threshold,Performance
disk_io_utilization,416.58,0.92,0.023,DiskSaturation,High disk IO utilization,Performance
node_memory_utilization,297.22,0.8,0.0364,MemoryPressure,High memory pressure detected,Performance
network_rx_dropped_total,191.27,0.78,0.0263,NetworkPacketLoss,High packet drop rate,Network
node_disk_read_time_seconds,142.74,0.95,0.0235,DiskLatency,Disk read time anomaly,Performance
node_disk_read_time_seconds,464.56,0.77,0.018,DiskLatency,Disk read time anomaly,Performance
memory_oom_kills_total,813.99,0.91,0.028,MemoryOOM,OOM kills observed,Stability
node_cpu_usage_percent,335.63,0.89,0.0268,HighCPUUsage,CPU usage above threshold,Performance
node_disk_read_time_seconds,243.55,0.84,0.0235,DiskLatency,Disk read time anomaly,Performance
node_cpu_usage_percent,479.02,0.86,0.0152,HighCPUUsage,CPU usage above threshold,Performance
node_network_latency_seconds,795.27,0.94,0.023,NetworkLatency,High network latency,Network
node_cpu_usage_percent,656.02,0.76,0.0383,HighCPUUsage,CPU usage above threshold,Performance
memory_oom_kills_total,458.62,0.95,0.033,MemoryOOM,OOM kills observed,Stability
node_memory_utilization,703.86,0.76,0.0145,MemoryPressure,High memory pressure detected,Performance
node_network_latency_seconds,729.34,0.93,0.0207,NetworkLatency,High network latency,Network
node_memory_utilization,589.11,0.84,0.0142,MemoryPressure,High memory pressure detected,Performance
disk_io_utilization,367.38,0.85,0.0143,DiskSaturation,High disk IO utilization,Performance
node_network_latency_seconds,639.01,0.81,0.0228,NetworkLatency,High network latency,Network
cpu_throttling_seconds,97.92,0.99,0.0183,CPULimitThrottling,CPU throttling detected,Performance
node_disk_read_time_seconds,729.43,0.98,0.0224,DiskLatency,Disk read time anomaly,Performance
node_disk_read_time_seconds,633.67,0.78,0.0236,DiskLatency,Disk read time anomaly,Performance
network_rx_dropped_total,531.89,0.95,0.0127,NetworkPacketLoss,High packet drop rate,Network
node_network_latency_seconds,514.66,0.87,0.011,NetworkLatency,High network latency,Network
node_memory_utilization,507.93,0.8,0.0305,MemoryPressure,High memory pressure detected,Performance
memory_oom_kills_total,271.23,0.88,0.0344,MemoryOOM,OOM kills observed,Stability
node_cpu_usage_percent,439.06,0.77,0.018,HighCPUUsage,CPU usage above threshold,Performance
network_rx_dropped_total,254.76,0.81,0.0275,NetworkPacketLoss,High packet drop rate,Network
network_rx_dropped_total,114.65,0.9,0.0352,NetworkPacketLoss,High packet drop rate,Network
node_memory_utilization,428.34,0.85,0.0184,MemoryPressure,High memory pressure detected,Performance
node_memory_utilization,867.37,0.89,0.0234,MemoryPressure,High memory pressure detected,Performance
network_rx_dropped_total,300.61,0.88,0.0313,NetworkPacketLoss,High packet drop rate,Network
node_memory_utilization,45.52,0.96,0.0384,MemoryPressure,High memory pressure detected,Performance
cpu_throttling_seconds,85.5,0.8,0.0122,CPULimitThrottling,CPU throttling detected,Performance
memory_oom_kills_total,851.04,0.99,0.0279,MemoryOOM,OOM kills observed,Stability
network_rx_dropped_total,625.89,0.93,0.0234,NetworkPacketLoss,High packet drop rate,Network
node_memory_utilization,46.93,0.85,0.0232,MemoryPressure,High memory pressure detected,Performance
memory_oom_kills_total,806.93,0.86,0.0206,MemoryOOM,OOM kills observed,Stability
node_memory_utilization,424.41,0.79,0.0241,MemoryPressure,High memory pressure detected,Performance
node_network_latency_seconds,254.98,0.76,0.0344,NetworkLatency,High network latency,Network
node_network_latency_seconds,430.3,0.77,0.0217,NetworkLatency,High network latency,Network
node_disk_read_time_seconds,217.29,0.95,0.0142,DiskLatency,Disk read time anomaly,Performance
node_disk_read_time_seconds,37.49,0.95,0.039,DiskLatency,Disk read time anomaly,Performance
node_network_latency_seconds,492.53,0.76,0.0355,NetworkLatency,High network latency,Network
node_disk_read_time_seconds,121.68,0.75,0.0315,DiskLatency,Disk read time anomaly,Performance
disk_io_utilization,232.12,0.99,0.0286,DiskSaturation,High disk IO utilization,Performance
node_network_latency_seconds,469.05,0.97,0.032,NetworkLatency,High network latency,Network
memory_oom_kills_total,261.94,0.75,0.0146,MemoryOOM,OOM kills observed,Stability
disk_io_utilization,174.05,0.89,0.0367,DiskSaturation,High disk IO utilization,Performance
node_disk_read_time_seconds,277.96,0.94,0.0248,DiskLatency,Disk read time anomaly,Performance
cpu_throttling_seconds,759.59,0.86,0.0383,CPULimitThrottling,CPU throttling detected,Performance
node_memory_utilization,606.17,0.79,0.0283,MemoryPressure,High memory pressure detected,Performance
node_cpu_usage_percent,295.14,0.91,0.0102,HighCPUUsage,CPU usage above threshold,Performance
node_cpu_usage_percent,475.77,0.98,0.0368,HighCPUUsage,CPU usage above threshold,Performance
memory_oom_kills_total,312.43,0.77,0.0192,MemoryOOM,OOM kills observed,Stability
node_cpu_usage_percent,430.09,0.92,0.0162,HighCPUUsage,CPU usage above threshold,Performance
node_memory_utilization,372.21,0.81,0.0123,MemoryPressure,High memory pressure detected,Performance
node_memory_utilization,116.31,0.91,0.0172,MemoryPressure,High memory pressure detected,Performance
node_cpu_usage_percent,190.73,0.93,0.0211,HighCPUUsage,CPU usage above threshold,Performance
node_cpu_usage_percent,363.87,0.92,0.0221,HighCPUUsage,CPU usage above threshold,Performance
node_disk_read_time_seconds,612.07,0.84,0.0253,DiskLatency,Disk read time anomaly,Performance
network_rx_dropped_total,134.9,0.91,0.039,NetworkPacketLoss,High packet drop rate,Network
disk_io_utilization,924.12,0.84,0.0219,DiskSaturation,High disk IO utilization,Performance
cpu_throttling_seconds,254.76,0.97,0.0206,CPULimitThrottling,CPU throttling detected,Performance
memory_oom_kills_total,703.31,0.86,0.0307,MemoryOOM,OOM kills observed,Stability
network_rx_dropped_total,163.65,0.91,0.034,NetworkPacketLoss,High packet drop rate,Network
node_network_latency_seconds,733.73,0.79,0.0347,NetworkLatency,High network latency,Network
node_network_latency_seconds,118.22,0.77,0.0242,NetworkLatency,High network latency,Network
memory_oom_kills_total,272.48,0.84,0.0204,MemoryOOM,OOM kills observed,Stability
disk_io_utilization,116.49,0.79,0.0395,DiskSaturation,High disk IO utilization,Performance
cpu_throttling_seconds,720.16,0.99,0.0349,CPULimitThrottling,CPU throttling detected,Performance
cpu_throttling_seconds,109.73,0.9,0.0149,CPULimitThrottling,CPU throttling detected,Performance
node_cpu_usage_percent,702.42,0.81,0.0364,HighCPUUsage,CPU usage above threshold,Performance
node_memory_utilization,432.11,0.84,0.0302,MemoryPressure,High memory pressure detected,Performance
node_disk_read_time_seconds,384.48,0.91,0.0186,DiskLatency,Disk read time anomaly,Performance
node_disk_read_time_seconds,428.13,0.95,0.0155,DiskLatency,Disk read time anomaly,Performance
node_cpu_usage_percent,255.82,0.8,0.038,HighCPUUsage,CPU usage above threshold,Performance
network_rx_dropped_total,103.09,0.82,0.0255,NetworkPacketLoss,High packet drop rate,Network
cpu_throttling_seconds,782.46,0.87,0.0173,CPULimitThrottling,CPU throttling detected,Performance
node_disk_read_time_seconds,502.7,0.83,0.0163,DiskLatency,Disk read time anomaly,Performance
node_cpu_usage_percent,82.08,0.77,0.0366,HighCPUUsage,CPU usage above threshold,Performance
cpu_throttling_seconds,431.37,0.87,0.0169,CPULimitThrottling,CPU throttling detected,Performance
node_memory_utilization,694.18,0.93,0.0392,MemoryPressure,High memory pressure detected,Performance
node_memory_utilization,579.42,0.76,0.0123,MemoryPressure,High memory pressure detected,Performance
disk_io_utilization,141.68,0.81,0.0254,DiskSaturation,High disk IO utilization,Performance
node_disk_read_time_seconds,46.25,0.84,0.0207,DiskLatency,Disk read time anomaly,Performance
cpu_throttling_seconds,258.07,0.94,0.0158,CPULimitThrottling,CPU throttling detected,Performance
node_memory_utilization,281.95,0.99,0.0122,MemoryPressure,High memory pressure detected,Performance
network_rx_dropped_total,823.44,0.95,0.0162,NetworkPacketLoss,High packet drop rate,Network
node_network_latency_seconds,19.68,0.98,0.0191,NetworkLatency,High network latency,Network
network_rx_dropped_total,522.54,0.96,0.0319,NetworkPacketLoss,High packet drop rate,Network
node_memory_utilization,697.21,0.8,0.0393,MemoryPressure,High memory pressure detected,Performance
node_network_latency_seconds,596.26,0.77,0.0397,NetworkLatency,High network latency,Network
cpu_throttling_seconds,725.11,0.77,0.0115,CPULimitThrottling,CPU throttling detected,Performance
node_memory_utilization,794.5,0.91,0.0216,MemoryPressure,High memory pressure detected,Performance
node_cpu_usage_percent,404.18,0.77,0.0374,HighCPUUsage,CPU usage above threshold,Performance
cpu_throttling_seconds,182.26,0.83,0.0138,CPULimitThrottling,CPU throttling detected,Performance
disk_io_utilization,91.75,0.76,0.0137,DiskSaturation,High disk IO utilization,Performance
node_disk_read_time_seconds,644.64,0.85,0.0137,DiskLatency,Disk read time anomaly,Performance
node_memory_utilization,805.76,0.75,0.026,MemoryPressure,High memory pressure detected,Performance
node_cpu_usage_percent,828.41,0.92,0.0181,HighCPUUsage,CPU usage above threshold,Performance
node_memory_utilization,497.55,0.96,0.0103,MemoryPressure,High memory pressure detected,Performance
network_rx_dropped_total,679.46,0.85,0.0223,NetworkPacketLoss,High packet drop rate,Network
node_memory_utilization,293.63,0.77,0.0239,MemoryPressure,High memory pressure detected,Performance
node_network_latency_seconds,533.12,0.9,0.0341,NetworkLatency,High network latency,Network
network_rx_dropped_total,122.23,0.78,0.0127,NetworkPacketLoss,High packet drop rate,Network
memory_oom_kills_total,719.26,0.82,0.0333,MemoryOOM,OOM kills observed,Stability
node_memory_utilization,398.66,0.82,0.0297,MemoryPressure,High memory pressure detected,Performance
node_cpu_usage_percent,84.72,0.81,0.0152,HighCPUUsage,CPU usage above threshold,Performance
disk_io_utilization,257.52,0.98,0.0283,DiskSaturation,High disk IO utilization,Performance
node_memory_utilization,608.49,0.85,0.0361,MemoryPressure,High memory pressure detected,Performance
cpu_throttling_seconds,485.54,0.75,0.0338,CPULimitThrottling,CPU throttling detected,Performance
network_rx_dropped_total,367.81,0.86,0.0335,NetworkPacketLoss,High packet drop rate,Network
memory_oom_kills_total,147.17,0.8,0.0324,MemoryOOM,OOM kills observed,Stability
disk_io_utilization,456.92,0.81,0.0165,DiskSaturation,High disk IO utilization,Performance
node_memory_utilization,889.64,0.8,0.032,MemoryPressure,High memory pressure detected,Performance
node_network_latency_seconds,114.79,0.85,0.0373,NetworkLatency,High network latency,Network
node_cpu_usage_percent,268.41,0.94,0.0179,HighCPUUsage,CPU usage above threshold,Performance
cpu_throttling_seconds,87.63,0.79,0.0263,CPULimitThrottling,CPU throttling detected,Performance
network_rx_dropped_total,466.19,0.9,0.0169,NetworkPacketLoss,High packet drop rate,Network
network_rx_dropped_total,26.16,0.85,0.0392,NetworkPacketLoss,High packet drop rate,Network
network_rx_dropped_total,481.01,0.84,0.03,NetworkPacketLoss,High packet drop rate,Network
node_memory_utilization,311.27,0.91,0.0235,MemoryPressure,High memory pressure detected,Performance
disk_io_utilization,226.33,0.86,0.0278,DiskSaturation,High disk IO utilization,Performance
node_memory_utilization,722.35,0.96,0.0359,MemoryPressure,High memory pressure detected,Performance
node_network_latency_seconds,753.04,0.97,0.0162,NetworkLatency,High network latency,Network
node_disk_read_time_seconds,321.53,0.96,0.0324,DiskLatency,Disk read time anomaly,Performance
disk_io_utilization,209.12,0.92,0.0103,DiskSaturation,High disk IO utilization,Performance
network_rx_dropped_total,937.36,0.98,0.0349,NetworkPacketLoss,High packet drop rate,Network
memory_oom_kills_total,778.22,0.85,0.0161,MemoryOOM,OOM kills observed,Stability
memory_oom_kills_total,256.84,0.97,0.026,MemoryOOM,OOM kills observed,Stability
node_network_latency_seconds,103.65,0.85,0.025,NetworkLatency,High network latency,Network
node_network_latency_seconds,715.99,0.94,0.0338,NetworkLatency,High network latency,Network
node_memory_utilization,380.58,0.9,0.0336,MemoryPressure,High memory pressure detected,Performance
memory_oom_kills_total,377.32,0.85,0.026,MemoryOOM,OOM kills observed,Stability
node_cpu_usage_percent,406.59,0.81,0.0192,HighCPUUsage,CPU usage above threshold,Performance
memory_oom_kills_total,706.92,0.89,0.0354,MemoryOOM,OOM kills observed,Stability
node_disk_read_time_seconds,635.54,0.86,0.0251,DiskLatency,Disk read time anomaly,Performance
memory_oom_kills_total,675.22,0.81,0.0196,MemoryOOM,OOM kills observed,Stability
node_network_latency_seconds,274.54,0.86,0.0146,NetworkLatency,High network latency,Network
node_memory_utilization,693.31,0.89,0.0284,MemoryPressure,High memory pressure detected,Performance
node_disk_read_time_seconds,594.76,0.79,0.0372,DiskLatency,Disk read time anomaly,Performance
node_network_latency_seconds,572.54,0.95,0.0353,NetworkLatency,High network latency,Network
node_cpu_usage_percent,20.41,0.79,0.0232,HighCPUUsage,CPU usage above threshold,Performance
disk_io_utilization,29.86,0.9,0.0195,DiskSaturation,High disk IO utilization,Performance
network_rx_dropped_total,656.92,0.97,0.0217,NetworkPacketLoss,High packet drop rate,Network
node_disk_read_time_seconds,497.8,0.79,0.0184,DiskLatency,Disk read time anomaly,Performance
node_network_latency_seconds,765.64,0.81,0.0281,NetworkLatency,High network latency,Network
node_memory_utilization,211.39,0.94,0.0347,MemoryPressure,High memory pressure detected,Performance
cpu_throttling_seconds,494.36,0.75,0.0271,CPULimitThrottling,CPU throttling detected,Performance
cpu_throttling_seconds,32.12,0.76,0.0321,CPULimitThrottling,CPU throttling detected,Performance
node_cpu_usage_percent,585.5,0.91,0.023,HighCPUUsage,CPU usage above threshold,Performance
network_rx_dropped_total,285.36,0.97,0.0259,NetworkPacketLoss,High packet drop rate,Network
node_disk_read_time_seconds,75.26,0.95,0.0127,DiskLatency,Disk read time anomaly,Performance
cpu_throttling_seconds,240.36,0.8,0.0231,CPULimitThrottling,CPU throttling detected,Performance
cpu_throttling_seconds,505.42,0.97,0.0329,CPULimitThrottling,CPU throttling detected,Performance
node_network_latency_seconds,411.3,0.78,0.0178,NetworkLatency,High network latency,Network
cpu_throttling_seconds,736.09,0.76,0.0144,CPULimitThrottling,CPU throttling detected,Performance
network_rx_dropped_total,466.69,0.79,0.0143,NetworkPacketLoss,High packet drop rate,Network
node_network_latency_seconds,708.94,0.9,0.0352,NetworkLatency,High network latency,Network
node_memory_utilization,583.0,0.9,0.0267,MemoryPressure,High memory pressure detected,Performance
node_network_latency_seconds,467.26,0.91,0.0174,NetworkLatency,High network latency,Network
node_cpu_usage_percent,798.86,0.96,0.0213,HighCPUUsage,CPU usage above threshold,Performance
node_cpu_usage_percent,585.62,0.84,0.0101,HighCPUUsage,CPU usage above threshold,Performance
network_rx_dropped_total,547.72,0.77,0.0339,NetworkPacketLoss,High packet drop rate,Network
disk_io_utilization,122.25,0.84,0.0301,DiskSaturation,High disk IO utilization,Performance
node_memory_utilization,73.51,0.83,0.0202,MemoryPressure,High memory pressure detected,Performance
memory_oom_kills_total,503.81,0.97,0.0221,MemoryOOM,OOM kills observed,Stability
node_network_latency_seconds,142.16,0.96,0.0215,NetworkLatency,High network latency,Network
cpu_throttling_seconds,31.53,0.84,0.0236,CPULimitThrottling,CPU throttling detected,Performance
memory_oom_kills_total,759.85,0.82,0.0245,MemoryOOM,OOM kills observed,Stability
node_network_latency_seconds,516.66,0.96,0.0269,NetworkLatency,High network latency,Network
node_network_latency_seconds,624.4,0.77,0.0344,NetworkLatency,High network latency,Network
cpu_throttling_seconds,490.81,0.88,0.0135,CPULimitThrottling,CPU throttling detected,Performance
disk_io_utilization,737.04,0.81,0.0121,DiskSaturation,High disk IO utilization,Performance
node_network_latency_seconds,617.39,0.98,0.0187,NetworkLatency,High network latency,Network
node_network_latency_seconds,799.11,0.81,0.0201,NetworkLatency,High network latency,Network
node_memory_utilization,682.88,0.85,0.0307,MemoryPressure,High memory pressure detected,Performance
network_rx_dropped_total,227.24,0.8,0.0193,NetworkPacketLoss,High packet drop rate,Network
memory_oom_kills_total,503.67,0.95,0.0236,MemoryOOM,OOM kills observed,Stability
node_cpu_usage_percent,780.1,0.94,0.0223,HighCPUUsage,CPU usage above threshold,Performance
node_cpu_usage_percent,368.28,0.75,0.0225,HighCPUUsage,CPU usage above threshold,Performance
node_network_latency_seconds,239.35,0.89,0.0204,NetworkLatency,High network latency,Network
disk_io_utilization,739.55,0.81,0.0335,DiskSaturation,High disk IO utilization,Performance
disk_io_utilization,404.82,0.86,0.0362,DiskSaturation,High disk IO utilization,Performance
node_disk_read_time_seconds,326.93,0.83,0.0349,DiskLatency,Disk read time anomaly,Performance
node_disk_read_time_seconds,84.89,0.93,0.0152,DiskLatency,Disk read time anomaly,Performance
disk_io_utilization,486.11,0.81,0.034,DiskSaturation,High disk IO utilization,Performance
node_disk_read_time_seconds,786.86,0.8,0.0237,DiskLatency,Disk read time anomaly,Performance
node_memory_utilization,646.92,0.78,0.0137,MemoryPressure,High memory pressure detected,Performance
node_disk_read_time_seconds,218.3,0.89,0.0239,DiskLatency,Disk read time anomaly,Performance
memory_oom_kills_total,85.08,0.81,0.0155,MemoryOOM,OOM kills observed,Stability
memory_oom_kills_total,486.88,0.8,0.016,MemoryOOM,OOM kills observed,Stability
node_memory_utilization,520.51,0.8,0.0313,MemoryPressure,High memory pressure detected,Performance
node_disk_read_time_seconds,76.1,0.86,0.0203,DiskLatency,Disk read time anomaly,Performance
node_cpu_usage_percent,668.66,0.83,0.0254,HighCPUUsage,CPU usage above threshold,Performance
node_cpu_usage_percent,707.78,0.79,0.0296,HighCPUUsage,CPU usage above threshold,Performance
disk_io_utilization,699.78,0.91,0.0351,DiskSaturation,High disk IO utilization,Performance
node_memory_utilization,849.41,0.98,0.0105,MemoryPressure,High memory pressure detected,Performance
node_network_latency_seconds,180.2,0.91,0.018,NetworkLatency,High network latency,Network
network_rx_dropped_total,201.31,0.98,0.0177,NetworkPacketLoss,High packet drop rate,Network
disk_io_utilization,614.98,0.85,0.0298,DiskSaturation,High disk IO utilization,Performance
disk_io_utilization,171.57,0.98,0.0164,DiskSaturation,High disk IO utilization,Performance
node_disk_read_time_seconds,353.17,0.98,0.0146,DiskLatency,Disk read time anomaly,Performance
network_rx_dropped_total,219.44,0.77,0.0293,NetworkPacketLoss,High packet drop rate,Network
node_disk_read_time_seconds,437.81,0.96,0.0285,DiskLatency,Disk read time anomaly,Performance
cpu_throttling_seconds,605.13,0.96,0.0105,CPULimitThrottling,CPU throttling detected,Performance
network_rx_dropped_total,177.78,0.98,0.0294,NetworkPacketLoss,High packet drop rate,Network
node_cpu_usage_percent,474.07,0.82,0.0367,HighCPUUsage,CPU usage above threshold,Performance
node_memory_utilization,13.91,0.85,0.0227,MemoryPressure,High memory pressure detected,Performance
node_disk_read_time_seconds,134.08,0.97,0.024,DiskLatency,Disk read time anomaly,Performance
memory_oom_kills_total,253.68,0.84,0.0314,MemoryOOM,OOM kills observed,Stability
node_cpu_usage_percent,17.58,0.92,0.036,HighCPUUsage,CPU usage above threshold,Performance
node_network_latency_seconds,588.72,0.79,0.0109,NetworkLatency,High network latency,Network
cpu_throttling_seconds,458.73,0.88,0.0395,CPULimitThrottling,CPU throttling detected,Performance
cpu_throttling_seconds,26.01,0.82,0.0181,CPULimitThrottling,CPU throttling detected,Performance
node_disk_read_time_seconds,596.26,0.94,0.0359,DiskLatency,Disk read time anomaly,Performance
node_memory_utilization,100.76,0.83,0.0245,MemoryPressure,High memory pressure detected,Performance
cpu_throttling_seconds,874.62,0.86,0.0302,CPULimitThrottling,CPU throttling detected,Performance
network_rx_dropped_total,359.13,0.8,0.0167,NetworkPacketLoss,High packet drop rate,Network
disk_io_utilization,890.89,0.96,0.026,DiskSaturation,High disk IO utilization,Performance
cpu_throttling_seconds,771.51,0.77,0.0168,CPULimitThrottling,CPU throttling detected,Performance
node_disk_read_time_seconds,213.21,0.88,0.0297,DiskLatency,Disk read time anomaly,Performance
memory_oom_kills_total,88.86,0.86,0.0343,MemoryOOM,OOM kills observed,Stability
disk_io_utilization,30.07,0.97,0.0118,DiskSaturation,High disk IO utilization,Performance
network_rx_dropped_total,349.44,0.86,0.0225,NetworkPacketLoss,High packet drop rate,Network
node_cpu_usage_percent,471.56,0.89,0.0137,HighCPUUsage,CPU usage above threshold,Performance
node_memory_utilization,569.79,0.92,0.0291,MemoryPressure,High memory pressure detected,Performance
node_disk_read_time_seconds,650.01,0.91,0.0342,DiskLatency,Disk read time anomaly,Performance
node_disk_read_time_seconds,775.23,0.76,0.0295,DiskLatency,Disk read time anomaly,Performance
memory_oom_kills_total,255.63,0.76,0.0255,MemoryOOM,OOM kills observed,Stability
memory_oom_kills_total,905.95,0.82,0.0258,MemoryOOM,OOM kills observed,Stability
disk_io_utilization,839.83,0.97,0.036,DiskSaturation,High disk IO utilization,Performance
disk_io_utilization,242.34,0.91,0.0106,DiskSaturation,High disk IO utilization,Performance
node_network_latency_seconds,694.08,0.87,0.0296,NetworkLatency,High network latency,Network
memory_oom_kills_total,758.04,0.97,0.0279,MemoryOOM,OOM kills observed,Stability
memory_oom_kills_total,739.39,0.93,0.0228,MemoryOOM,OOM kills observed,Stability
network_rx_dropped_total,815.13,0.9,0.0272,NetworkPacketLoss,High packet drop rate,Network
network_rx_dropped_total,666.82,0.96,0.0205,NetworkPacketLoss,High packet drop rate,Network
disk_io_utilization,91.76,0.79,0.0374,DiskSaturation,High disk IO utilization,Performance
node_memory_utilization,492.49,0.9,0.0312,MemoryPressure,High memory pressure detected,Performance
node_memory_utilization,616.23,0.79,0.0277,MemoryPressure,High memory pressure detected,Performance
node_memory_utilization,728.44,0.84,0.0139,MemoryPressure,High memory pressure detected,Performance
memory_oom_kills_total,73.13,0.98,0.0396,MemoryOOM,OOM kills observed,Stability
node_memory_utilization,587.8,0.97,0.0202,MemoryPressure,High memory pressure detected,Performance
network_rx_dropped_total,682.7,0.97,0.0218,NetworkPacketLoss,High packet drop rate,Network
cpu_throttling_seconds,516.22,0.85,0.0206,CPULimitThrottling,CPU throttling detected,Performance
node_memory_utilization,720.4,0.98,0.0393,MemoryPressure,High memory pressure detected,Performance
node_memory_utilization,75.78,0.96,0.0256,MemoryPressure,High memory pressure detected,Performance
node_network_latency_seconds,148.03,0.96,0.0127,NetworkLatency,High network latency,Network
network_rx_dropped_total,33.36,0.79,0.0334,NetworkPacketLoss,High packet drop rate,Network
disk_io_utilization,41.01,0.78,0.0331,DiskSaturation,High disk IO utilization,Performance
network_rx_dropped_total,568.33,0.95,0.0158,NetworkPacketLoss,High packet drop rate,Network
node_cpu_usage_percent,630.2,0.95,0.0221,HighCPUUsage,CPU usage above threshold,Performance
disk_io_utilization,80.95,0.92,0.0134,DiskSaturation,High disk IO utilization,Performance
node_disk_read_time_seconds,623.41,0.79,0.0327,DiskLatency,Disk read time anomaly,Performance
memory_oom_kills_total,157.14,0.92,0.016,MemoryOOM,OOM kills observed,Stability
node_network_latency_seconds,244.73,0.94,0.0169,NetworkLatency,High network latency,Network
node_cpu_usage_percent,40.65,0.81,0.0262,HighCPUUsage,CPU usage above threshold,Performance
cpu_throttling_seconds,366.43,0.86,0.0299,CPULimitThrottling,CPU throttling detected,Performance
node_disk_read_time_seconds,715.63,0.84,0.0228,DiskLatency,Disk read time anomaly,Performance
node_network_latency_seconds,342.89,0.9,0.0328,NetworkLatency,High network latency,Network
network_rx_dropped_total,551.64,0.8,0.0118,NetworkPacketLoss,High packet drop rate,Network
node_network_latency_seconds,226.39,0.77,0.012,NetworkLatency,High network latency,Network
disk_io_utilization,335.5,0.99,0.0336,DiskSaturation,High disk IO utilization,Performance
node_network_latency_seconds,348.97,0.84,0.0346,NetworkLatency,High network latency,Network
node_cpu_usage_percent,509.07,0.84,0.0138,HighCPUUsage,CPU usage above threshold,Performance
memory_oom_kills_total,894.89,0.88,0.0245,MemoryOOM,OOM kills observed,Stability
node_network_latency_seconds,143.39,0.94,0.0289,NetworkLatency,High network latency,Network
cpu_throttling_seconds,898.84,0.97,0.0294,CPULimitThrottling,CPU throttling detected,Performance
disk_io_utilization,444.94,0.96,0.0107,DiskSaturation,High disk IO utilization,Performance
memory_oom_kills_total,609.39,0.9,0.0394,MemoryOOM,OOM kills observed,Stability
disk_io_utilization,509.63,0.97,0.0226,DiskSaturation,High disk IO utilization,Performance
node_cpu_usage_percent,78.41,0.76,0.0235,HighCPUUsage,CPU usage above threshold,Performance
node_cpu_usage_percent,453.21,0.85,0.0139,HighCPUUsage,CPU usage above threshold,Performance
node_cpu_usage_percent,750.85,0.86,0.017,HighCPUUsage,CPU usage above threshold,Performance
node_disk_read_time_seconds,940.67,0.77,0.0354,DiskLatency,Disk read time anomaly,Performance
network_rx_dropped_total,394.77,0.79,0.0346,NetworkPacketLoss,High packet drop rate,Network
network_rx_dropped_total,26.59,0.9,0.0154,NetworkPacketLoss,High packet drop rate,Network
node_disk_read_time_seconds,619.64,0.84,0.0154,DiskLatency,Disk read time anomaly,Performance
cpu_throttling_seconds,333.28,0.8,0.0123,CPULimitThrottling,CPU throttling detected,Performance
node_cpu_usage_percent,740.11,0.93,0.0137,HighCPUUsage,CPU usage above threshold,Performance
cpu_throttling_seconds,319.72,0.82,0.0231,CPULimitThrottling,CPU throttling detected,Performance
memory_oom_kills_total,234.01,0.91,0.0324,MemoryOOM,OOM kills observed,Stability
cpu_throttling_seconds,139.88,0.75,0.0236,CPULimitThrottling,CPU throttling detected,Performance
cpu_throttling_seconds,70.69,0.95,0.0174,CPULimitThrottling,CPU throttling detected,Performance
memory_oom_kills_total,564.98,0.82,0.0211,MemoryOOM,OOM kills observed,Stability
node_network_latency_seconds,95.96,0.85,0.0171,NetworkLatency,High network latency,Network
disk_io_utilization,66.76,0.75,0.0208,DiskSaturation,High disk IO utilization,Performance
memory_oom_kills_total,676.37,0.93,0.0375,MemoryOOM,OOM kills observed,Stability
node_memory_utilization,870.44,0.85,0.0318,MemoryPressure,High memory pressure detected,Performance
memory_oom_kills_total,307.77,0.77,0.0315,MemoryOOM,OOM kills observed,Stability
disk_io_utilization,184.9,0.86,0.0336,DiskSaturation,High disk IO utilization,Performance
memory_oom_kills_total,380.0,0.81,0.0183,MemoryOOM,OOM kills observed,Stability
node_disk_read_time_seconds,92.34,0.94,0.0308,DiskLatency,Disk read time anomaly,Performance
node_memory_utilization,352.34,0.92,0.0325,MemoryPressure,High memory pressure detected,Performance
node_memory_utilization,346.43,0.92,0.0173,MemoryPressure,High memory pressure detected,Performance
cpu_throttling_seconds,533.08,0.94,0.0274,CPULimitThrottling,CPU throttling detected,Performance
node_memory_utilization,284.22,0.85,0.0154,MemoryPressure,High memory pressure detected,Performance
node_cpu_usage_percent,182.57,0.94,0.0299,HighCPUUsage,CPU usage above threshold,Performance
node_memory_utilization,159.86,0.82,0.0294,MemoryPressure,High memory pressure detected,Performance
cpu_throttling_seconds,200.91,0.78,0.0304,CPULimitThrottling,CPU throttling detected,Performance
cpu_throttling_seconds,375.86,0.89,0.0348,CPULimitThrottling,CPU throttling detected,Performance
node_disk_read_time_seconds,661.66,0.99,0.0366,DiskLatency,Disk read time anomaly,Performance
node_disk_read_time_seconds,495.52,0.93,0.0382,DiskLatency,Disk read time anomaly,Performance
node_disk_read_time_seconds,290.27,0.85,0.0369,DiskLatency,Disk read time anomaly,Performance
memory_oom_kills_total,827.67,0.82,0.0168,MemoryOOM,OOM kills observed,Stability
network_rx_dropped_total,569.38,0.86,0.0369,NetworkPacketLoss,High packet drop rate,Network
memory_oom_kills_total,758.44,0.92,0.0394,MemoryOOM,OOM kills observed,Stability
node_disk_read_time_seconds,360.59,0.78,0.0173,DiskLatency,Disk read time anomaly,Performance
node_disk_read_time_seconds,797.12,0.87,0.0188,DiskLatency,Disk read time anomaly,Performance
memory_oom_kills_total,610.42,0.93,0.0247,MemoryOOM,OOM kills observed,Stability
network_rx_dropped_total,724.9,0.95,0.0221,NetworkPacketLoss,High packet drop rate,Network
network_rx_dropped_total,84.24,0.9,0.0125,NetworkPacketLoss,High packet drop rate,Network
node_disk_read_time_seconds,386.5,0.81,0.0313,DiskLatency,Disk read time anomaly,Performance
node_cpu_usage_percent,105.21,0.98,0.0218,HighCPUUsage,CPU usage above threshold,Performance
node_memory_utilization,568.54,0.97,0.0129,MemoryPressure,High memory pressure detected,Performance
network_rx_dropped_total,42.95,0.84,0.0177,NetworkPacketLoss,High packet drop rate,Network
node_cpu_usage_percent,577.76,0.88,0.033,HighCPUUsage,CPU usage above threshold,Performance
memory_oom_kills_total,374.71,0.81,0.0256,MemoryOOM,OOM kills observed,Stability
node_network_latency_seconds,639.36,0.81,0.0117,NetworkLatency,High network latency,Network
memory_oom_kills_total,212.15,0.83,0.0316,MemoryOOM,OOM kills observed,Stability
cpu_throttling_seconds,45.2,0.89,0.0118,CPULimitThrottling,CPU throttling detected,Performance
memory_oom_kills_total,577.43,0.77,0.0361,MemoryOOM,OOM kills observed,Stability
node_disk_read_time_seconds,358.23,0.76,0.0211,DiskLatency,Disk read time anomaly,Performance
disk_io_utilization,691.29,0.85,0.0357,DiskSaturation,High disk IO utilization,Performance
memory_oom_kills_total,477.56,0.83,0.0218,MemoryOOM,OOM kills observed,Stability
node_memory_utilization,317.28,0.85,0.012,MemoryPressure,High memory pressure detected,Performance
node_cpu_usage_percent,632.3,0.81,0.0396,HighCPUUsage,CPU usage above threshold,Performance
node_cpu_usage_percent,752.35,0.79,0.0317,HighCPUUsage,CPU usage above threshold,Performance
node_memory_utilization,730.74,0.92,0.0246,MemoryPressure,High memory pressure detected,Performance
disk_io_utilization,53.01,0.82,0.0102,DiskSaturation,High disk IO utilization,Performance
memory_oom_kills_total,123.07,0.97,0.036,MemoryOOM,OOM kills observed,Stability
network_rx_dropped_total,290.78,0.94,0.019,NetworkPacketLoss,High packet drop rate,Network
node_network_latency_seconds,214.67,0.85,0.0125,NetworkLatency,High network latency,Network
network_rx_dropped_total,247.88,0.86,0.0334,NetworkPacketLoss,High packet drop rate,Network
node_network_latency_seconds,657.85,0.9,0.0119,NetworkLatency,High network latency,Network
memory_oom_kills_total,150.59,0.98,0.0224,MemoryOOM,OOM kills observed,Stability
node_network_latency_seconds,605.9,0.79,0.019,NetworkLatency,High network latency,Network
node_disk_read_time_seconds,200.75,0.84,0.0264,DiskLatency,Disk read time anomaly,Performance
disk_io_utilization,53.11,0.96,0.0206,DiskSaturation,High disk IO utilization,Performance
node_network_latency_seconds,59.82,0.97,0.0162,NetworkLatency,High network latency,Network
node_network_latency_seconds,387.44,0.78,0.0284,NetworkLatency,High network latency,Network
cpu_throttling_seconds,121.27,0.87,0.028,CPULimitThrottling,CPU throttling detected,Performance
node_disk_read_time_seconds,622.41,0.77,0.0315,DiskLatency,Disk read time anomaly,Performance
memory_oom_kills_total,330.3,0.83,0.0277,MemoryOOM,OOM kills observed,Stability
memory_oom_kills_total,433.26,0.88,0.0236,MemoryOOM,OOM kills observed,Stability
node_disk_read_time_seconds,714.86,0.76,0.0164,DiskLatency,Disk read time anomaly,Performance
memory_oom_kills_total,77.04,0.77,0.0278,MemoryOOM,OOM kills observed,Stability
node_network_latency_seconds,587.81,0.88,0.0321,NetworkLatency,High network latency,Network
memory_oom_kills_total,641.58,0.97,0.03,MemoryOOM,OOM kills observed,Stability
cpu_throttling_seconds,456.01,0.97,0.014,CPULimitThrottling,CPU throttling detected,Performance
memory_oom_kills_total,423.76,0.95,0.0288,MemoryOOM,OOM kills observed,Stability
node_network_latency_seconds,639.65,0.77,0.0255,NetworkLatency,High network latency,Network
cpu_throttling_seconds,142.14,0.82,0.0273,CPULimitThrottling,CPU throttling detected,Performance
memory_oom_kills_total,595.41,0.98,0.0397,MemoryOOM,OOM kills observed,Stability
node_cpu_usage_percent,358.49,0.89,0.0222,HighCPUUsage,CPU usage above threshold,Performance
node_disk_read_time_seconds,525.63,0.96,0.0327,DiskLatency,Disk read time anomaly,Performance
node_disk_read_time_seconds,730.62,0.78,0.0192,DiskLatency,Disk read time anomaly,Performance
cpu_throttling_seconds,671.95,0.83,0.028,CPULimitThrottling,CPU throttling detected,Performance
node_memory_utilization,132.09,0.98,0.025,MemoryPressure,High memory pressure detected,Performance
memory_oom_kills_total,390.05,0.76,0.0151,MemoryOOM,OOM kills observed,Stability
disk_io_utilization,202.33,0.92,0.0138,DiskSaturation,High disk IO utilization,Performance
disk_io_utilization,421.36,0.86,0.0268,DiskSaturation,High disk IO utilization,Performance
node_memory_utilization,123.91,0.78,0.0138,MemoryPressure,High memory pressure detected,Performance
disk_io_utilization,9.46,0.94,0.0345,DiskSaturation,High disk IO utilization,Performance
network_rx_dropped_total,275.18,0.78,0.0227,NetworkPacketLoss,High packet drop rate,Network
node_cpu_usage_percent,80.65,0.82,0.032,HighCPUUsage,CPU usage above threshold,Performance
network_rx_dropped_total,431.7,0.97,0.0226,NetworkPacketLoss,High packet drop rate,Network
memory_oom_kills_total,664.98,0.95,0.0172,MemoryOOM,OOM kills observed,Stability
node_network_latency_seconds,383.17,0.93,0.0178,NetworkLatency,High network latency,Network
disk_io_utilization,112.67,0.95,0.0233,DiskSaturation,High disk IO utilization,Performance
node_network_latency_seconds,575.98,0.93,0.0386,NetworkLatency,High network latency,Network
memory_oom_kills_total,105.54,0.9,0.0287,MemoryOOM,OOM kills observed,Stability
network_rx_dropped_total,48.01,0.78,0.0265,NetworkPacketLoss,High packet drop rate,Network
node_network_latency_seconds,561.15,0.93,0.0274,NetworkLatency,High network latency,Network
disk_io_utilization,438.82,0.94,0.0284,DiskSaturation,High disk IO utilization,Performance
cpu_throttling_seconds,875.6,0.95,0.0303,CPULimitThrottling,CPU throttling detected,Performance
node_network_latency_seconds,507.75,0.97,0.0342,NetworkLatency,High network latency,Network
disk_io_utilization,152.86,0.77,0.0129,DiskSaturation,High disk IO utilization,Performance
node_network_latency_seconds,528.39,0.87,0.0222,NetworkLatency,High network latency,Network
memory_oom_kills_total,372.82,0.87,0.0317,MemoryOOM,OOM kills observed,Stability
node_disk_read_time_seconds,258.51,0.85,0.0235,DiskLatency,Disk read time anomaly,Performance
cpu_throttling_seconds,660.22,0.95,0.0225,CPULimitThrottling,CPU throttling detected,Performance
node_cpu_usage_percent,217.99,0.92,0.0117,HighCPUUsage,CPU usage above threshold,Performance
node_cpu_usage_percent,716.38,0.89,0.0385,HighCPUUsage,CPU usage above threshold,Performance
cpu_throttling_seconds,250.51,0.77,0.0309,CPULimitThrottling,CPU throttling detected,Performance
node_network_latency_seconds,396.28,0.97,0.0185,NetworkLatency,High network latency,Network
node_memory_utilization,594.4,0.83,0.0138,MemoryPressure,High memory pressure detected,Performance
disk_io_utilization,271.96,0.9,0.0304,DiskSaturation,High disk IO utilization,Performance
node_memory_utilization,942.17,0.79,0.0173,MemoryPressure,High memory pressure detected,Performance
node_memory_utilization,669.54,0.85,0.0355,MemoryPressure,High memory pressure detected,Performance
cpu_throttling_seconds,381.62,0.82,0.0194,CPULimitThrottling,CPU throttling detected,Performance
node_disk_read_time_seconds,71.75,0.8,0.0262,DiskLatency,Disk read time anomaly,Performance
node_network_latency_seconds,125.03,0.86,0.025,NetworkLatency,High network latency,Network
node_network_latency_seconds,612.15,0.92,0.0104,NetworkLatency,High network latency,Network
node_disk_read_time_seconds,80.19,0.79,0.0335,DiskLatency,Disk read time anomaly,Performance
cpu_throttling_seconds,682.65,0.75,0.0119,CPULimitThrottling,CPU throttling detected,Performance
cpu_throttling_seconds,61.42,0.88,0.0108,CPULimitThrottling,CPU throttling detected,Performance
node_memory_utilization,280.77,0.97,0.0338,MemoryPressure,High memory pressure detected,Performance
node_network_latency_seconds,70.87,0.95,0.0306,NetworkLatency,High network latency,Network
node_memory_utilization,370.54,0.75,0.0251,MemoryPressure,High memory pressure detected,Performance
node_network_latency_seconds,464.68,0.79,0.0345,NetworkLatency,High network latency,Network
node_memory_utilization,295.11,0.96,0.0123,MemoryPressure,High memory pressure detected,Performance
network_rx_dropped_total,412.34,0.85,0.0237,NetworkPacketLoss,High packet drop rate,Network
node_network_latency_seconds,104.96,0.83,0.0394,NetworkLatency,High network latency,Network
node_memory_utilization,630.53,0.78,0.0343,MemoryPressure,High memory pressure detected,Performance
node_network_latency_seconds,563.96,0.85,0.0376,NetworkLatency,High network latency,Network
memory_oom_kills_total,383.56,0.86,0.0316,MemoryOOM,OOM kills observed,Stability
node_network_latency_seconds,672.83,0.87,0.0274,NetworkLatency,High network latency,Network
node_network_latency_seconds,47.45,0.83,0.0194,NetworkLatency,High network latency,Network
disk_io_utilization,79.49,0.79,0.0112,DiskSaturation,High disk IO utilization,Performance
memory_oom_kills_total,69.75,0.96,0.0353,MemoryOOM,OOM kills observed,Stability
cpu_throttling_seconds,659.9,0.85,0.0301,CPULimitThrottling,CPU throttling detected,Performance
network_rx_dropped_total,31.73,0.94,0.0218,NetworkPacketLoss,High packet drop rate,Network
node_network_latency_seconds,51.18,0.8,0.0349,NetworkLatency,High network latency,Network
node_network_latency_seconds,281.05,0.8,0.0192,NetworkLatency,High network latency,Network
node_disk_read_time_seconds,64.13,0.81,0.0232,DiskLatency,Disk read time anomaly,Performance
network_rx_dropped_total,388.86,0.86,0.0186,NetworkPacketLoss,High packet drop rate,Network
disk_io_utilization,609.88,0.83,0.0198,DiskSaturation,High disk IO utilization,Performance
node_memory_utilization,709.21,0.86,0.0109,MemoryPressure,High memory pressure detected,Performance
node_memory_utilization,737.37,0.85,0.0194,MemoryPressure,High memory pressure detected,Performance
node_network_latency_seconds,617.68,0.96,0.0229,NetworkLatency,High network latency,Network
network_rx_dropped_total,160.01,0.96,0.0237,NetworkPacketLoss,High packet drop rate,Network
node_cpu_usage_percent,767.4,0.89,0.0345,HighCPUUsage,CPU usage above threshold,Performance
network_rx_dropped_total,887.8,0.99,0.0108,NetworkPacketLoss,High packet drop rate,Network
node_memory_utilization,108.84,0.92,0.0378,MemoryPressure,High memory pressure detected,Performance
cpu_throttling_seconds,911.51,0.96,0.0172,CPULimitThrottling,CPU throttling detected,Performance
memory_oom_kills_total,412.66,0.99,0.0315,MemoryOOM,OOM kills observed,Stability
disk_io_utilization,647.69,0.98,0.0184,DiskSaturation,High disk IO utilization,Performance
node_network_latency_seconds,577.09,0.83,0.0242,NetworkLatency,High network latency,Network
cpu_throttling_seconds,781.68,0.85,0.0166,CPULimitThrottling,CPU throttling detected,Performance
node_cpu_usage_percent,599.07,0.94,0.0153,HighCPUUsage,CPU usage above threshold,Performance
memory_oom_kills_total,759.5,0.75,0.0253,MemoryOOM,OOM kills observed,Stability
node_memory_utilization,432.68,0.91,0.0105,MemoryPressure,High memory pressure detected,Performance
node_memory_utilization,440.78,0.86,0.0138,MemoryPressure,High memory pressure detected,Performance
node_disk_read_time_seconds,947.18,0.83,0.0341,DiskLatency,Disk read time anomaly,Performance
cpu_throttling_seconds,359.82,0.83,0.0323,CPULimitThrottling,CPU throttling detected,Performance
node_network_latency_seconds,265.32,0.85,0.0162,NetworkLatency,High network latency,Network
memory_oom_kills_total,577.25,0.77,0.0398,MemoryOOM,OOM kills observed,Stability
node_disk_read_time_seconds,877.02,0.94,0.0169,DiskLatency,Disk read time anomaly,Performance
cpu_throttling_seconds,436.24,0.76,0.0252,CPULimitThrottling,CPU throttling detected,Performance
node_disk_read_time_seconds,44.78,0.89,0.0202,DiskLatency,Disk read time anomaly,Performance
memory_oom_kills_total,618.84,0.82,0.0304,MemoryOOM,OOM kills observed,Stability
memory_oom_kills_total,541.24,0.93,0.0295,MemoryOOM,OOM kills observed,Stability
cpu_throttling_seconds,491.78,0.77,0.0304,CPULimitThrottling,CPU throttling detected,Performance
node_disk_read_time_seconds,15.63,0.98,0.0245,DiskLatency,Disk read time anomaly,Performance
memory_oom_kills_total,313.4,0.85,0.0246,MemoryOOM,OOM kills observed,Stability
node_cpu_usage_percent,388.17,0.8,0.013,HighCPUUsage,CPU usage above threshold,Performance
node_network_latency_seconds,441.11,0.89,0.0189,NetworkLatency,High network latency,Network
node_memory_utilization,299.08,0.76,0.0327,MemoryPressure,High memory pressure detected,Performance
cpu_throttling_seconds,654.72,0.92,0.0201,CPULimitThrottling,CPU throttling detected,Performance
node_cpu_usage_percent,582.97,0.91,0.0168,HighCPUUsage,CPU usage above threshold,Performance
node_cpu_usage_percent,574.26,0.96,0.0206,HighCPUUsage,CPU usage above threshold,Performance
network_rx_dropped_total,439.51,0.98,0.0299,NetworkPacketLoss,High packet drop rate,Network
disk_io_utilization,663.84,0.91,0.0148,DiskSaturation,High disk IO utilization,Performance
disk_io_utilization,696.19,0.86,0.0328,DiskSaturation,High disk IO utilization,Performance
disk_io_utilization,386.43,0.93,0.0394,DiskSaturation,High disk IO utilization,Performance
node_network_latency_seconds,290.08,0.77,0.0203,NetworkLatency,High network latency,Network
node_memory_utilization,611.25,0.79,0.0331,MemoryPressure,High memory pressure detected,Performance
disk_io_utilization,273.59,0.78,0.0372,DiskSaturation,High disk IO utilization,Performance
node_memory_utilization,514.4,0.8,0.0132,MemoryPressure,High memory pressure detected,Performance
node_disk_read_time_seconds,599.35,0.98,0.0104,DiskLatency,Disk read time anomaly,Performance
node_memory_utilization,286.64,0.79,0.0395,MemoryPressure,High memory pressure detected,Performance
node_network_latency_seconds,83.86,0.9,0.0204,NetworkLatency,High network latency,Network
node_memory_utilization,482.62,0.92,0.0302,MemoryPressure,High memory pressure detected,Performance
cpu_throttling_seconds,845.66,0.86,0.0374,CPULimitThrottling,CPU throttling detected,Performance
node_cpu_usage_percent,37.0,0.81,0.0282,HighCPUUsage,CPU usage above threshold,Performance
cpu_throttling_seconds,316.83,0.83,0.0324,CPULimitThrottling,CPU throttling detected,Performance
node_memory_utilization,542.71,0.88,0.0371,MemoryPressure,High memory pressure detected,Performance
node_disk_read_time_seconds,358.1,0.93,0.0149,DiskLatency,Disk read time anomaly,Performance
network_rx_dropped_total,481.52,0.75,0.0267,NetworkPacketLoss,High packet drop rate,Network
disk_io_utilization,111.97,0.99,0.0167,DiskSaturation,High disk IO utilization,Performance
network_rx_dropped_total,587.72,0.79,0.0308,NetworkPacketLoss,High packet drop rate,Network
cpu_throttling_seconds,697.5,0.94,0.0281,CPULimitThrottling,CPU throttling detected,Performance
node_cpu_usage_percent,933.48,0.81,0.0176,HighCPUUsage,CPU usage above threshold,Performance
node_memory_utilization,196.65,0.87,0.0194,MemoryPressure,High memory pressure detected,Performance
network_rx_dropped_total,564.63,0.81,0.0136,NetworkPacketLoss,High packet drop rate,Network
network_rx_dropped_total,653.13,0.98,0.0213,NetworkPacketLoss,High packet drop rate,Network
node_memory_utilization,677.65,0.76,0.0394,MemoryPressure,High memory pressure detected,Performance
node_network_latency_seconds,387.26,0.98,0.0263,NetworkLatency,High network latency,Network
node_memory_utilization,466.55,0.95,0.0127,MemoryPressure,High memory pressure detected,Performance
node_disk_read_time_seconds,74.42,0.78,0.0301,DiskLatency,Disk read time anomaly,Performance
network_rx_dropped_total,264.8,0.82,0.0224,NetworkPacketLoss,High packet drop rate,Network
node_cpu_usage_percent,273.81,0.78,0.0264,HighCPUUsage,CPU usage above threshold,Performance
node_network_latency_seconds,152.41,0.79,0.0373,NetworkLatency,High network latency,Network
node_memory_utilization,700.82,0.77,0.0317,MemoryPressure,High memory pressure detected,Performance
memory_oom_kills_total,258.37,0.93,0.0127,MemoryOOM,OOM kills observed,Stability
cpu_throttling_seconds,509.7,0.8,0.02,CPULimitThrottling,CPU throttling detected,Performance
cpu_throttling_seconds,131.07,0.75,0.0179,CPULimitThrottling,CPU throttling detected,Performance
node_network_latency_seconds,112.39,0.77,0.0288,NetworkLatency,High network latency,Network
memory_oom_kills_total,212.52,0.78,0.0282,MemoryOOM,OOM kills observed,Stability
node_cpu_usage_percent,765.14,0.9,0.0344,HighCPUUsage,CPU usage above threshold,Performance
node_memory_utilization,396.08,0.75,0.0268,MemoryPressure,High memory pressure detected,Performance
cpu_throttling_seconds,630.94,0.91,0.0176,CPULimitThrottling,CPU throttling detected,Performance
node_memory_utilization,684.55,0.83,0.0168,MemoryPressure,High memory pressure detected,Performance
disk_io_utilization,606.79,0.78,0.019,DiskSaturation,High disk IO utilization,Performance
node_network_latency_seconds,127.11,0.85,0.0115,NetworkLatency,High network latency,Network
memory_oom_kills_total,775.74,0.91,0.0135,MemoryOOM,OOM kills observed,Stability
node_cpu_usage_percent,815.95,0.89,0.0134,HighCPUUsage,CPU usage above threshold,Performance
node_cpu_usage_percent,540.14,0.77,0.0306,HighCPUUsage,CPU usage above threshold,Performance
node_disk_read_time_seconds,168.45,0.95,0.0122,DiskLatency,Disk read time anomaly,Performance
node_network_latency_seconds,155.31,0.92,0.0171,NetworkLatency,High network latency,Network
node_disk_read_time_seconds,864.34,0.93,0.029,DiskLatency,Disk read time anomaly,Performance
cpu_throttling_seconds,555.0,0.75,0.0398,CPULimitThrottling,CPU throttling detected,Performance
node_disk_read_time_seconds,562.53,0.95,0.0145,DiskLatency,Disk read time anomaly,Performance
node_cpu_usage_percent,94.94,0.99,0.0198,HighCPUUsage,CPU usage above threshold,Performance
disk_io_utilization,546.22,0.96,0.0188,DiskSaturation,High disk IO utilization,Performance
node_cpu_usage_percent,213.37,0.75,0.0302,HighCPUUsage,CPU usage above threshold,Performance
node_memory_utilization,214.26,0.98,0.0188,MemoryPressure,High memory pressure detected,Performance
node_disk_read_time_seconds,648.26,0.93,0.0107,DiskLatency,Disk read time anomaly,Performance
network_rx_dropped_total,520.78,0.97,0.0353,NetworkPacketLoss,High packet drop rate,Network
cpu_throttling_seconds,262.3,0.94,0.0201,CPULimitThrottling,CPU throttling detected,Performance
node_cpu_usage_percent,530.73,0.81,0.0236,HighCPUUsage,CPU usage above threshold,Performance
node_disk_read_time_seconds,710.58,0.76,0.0294,DiskLatency,Disk read time anomaly,Performance
cpu_throttling_seconds,297.86,0.87,0.0244,CPULimitThrottling,CPU throttling detected,Performance
node_cpu_usage_percent,95.86,0.87,0.0229,HighCPUUsage,CPU usage above threshold,Performance
node_network_latency_seconds,431.88,0.78,0.0137,NetworkLatency,High network latency,Network
node_memory_utilization,408.05,0.91,0.0344,MemoryPressure,High memory pressure detected,Performance
node_memory_utilization,878.7,0.91,0.0341,MemoryPressure,High memory pressure detected,Performance
memory_oom_kills_total,218.33,0.78,0.0105,MemoryOOM,OOM kills observed,Stability
memory_oom_kills_total,355.94,0.81,0.0399,MemoryOOM,OOM kills observed,Stability
network_rx_dropped_total,652.02,0.96,0.03,NetworkPacketLoss,High packet drop rate,Network
node_memory_utilization,607.2,0.84,0.0263,MemoryPressure,High memory pressure detected,Performance
memory_oom_kills_total,75.8,0.87,0.0192,MemoryOOM,OOM kills observed,Stability
node_network_latency_seconds,471.79,0.95,0.0238,NetworkLatency,High network latency,Network
memory_oom_kills_total,802.77,0.99,0.0395,MemoryOOM,OOM kills observed,Stability
node_memory_utilization,687.15,0.85,0.0205,MemoryPressure,High memory pressure detected,Performance
cpu_throttling_seconds,506.02,0.82,0.0257,CPULimitThrottling,CPU throttling detected,Performance
node_cpu_usage_percent,230.32,0.88,0.0349,HighCPUUsage,CPU usage above threshold,Performance
node_network_latency_seconds,69.03,0.76,0.0131,NetworkLatency,High network latency,Network
node_disk_read_time_seconds,784.68,0.93,0.0162,DiskLatency,Disk read time anomaly,Performance
network_rx_dropped_total,576.09,0.75,0.0355,NetworkPacketLoss,High packet drop rate,Network
network_rx_dropped_total,557.67,0.77,0.0138,NetworkPacketLoss,High packet drop rate,Network
network_rx_dropped_total,409.27,0.93,0.0214,NetworkPacketLoss,High packet drop rate,Network
memory_oom_kills_total,471.66,0.95,0.018,MemoryOOM,OOM kills observed,Stability
cpu_throttling_seconds,645.01,0.82,0.0224,CPULimitThrottling,CPU throttling detected,Performance
node_memory_utilization,416.3,0.96,0.0144,MemoryPressure,High memory pressure detected,Performance
disk_io_utilization,763.35,0.81,0.0345,DiskSaturation,High disk IO utilization,Performance
memory_oom_kills_total,387.39,0.91,0.0101,MemoryOOM,OOM kills observed,Stability
node_disk_read_time_seconds,793.47,0.96,0.0104,DiskLatency,Disk read time anomaly,Performance
node_cpu_usage_percent,129.95,0.93,0.02,HighCPUUsage,CPU usage above threshold,Performance
memory_oom_kills_total,45.72,0.86,0.0142,MemoryOOM,OOM kills observed,Stability
node_memory_utilization,731.28,0.76,0.0252,MemoryPressure,High memory pressure detected,Performance
node_memory_utilization,201.76,0.8,0.0359,MemoryPressure,High memory pressure detected,Performance
network_rx_dropped_total,411.45,0.76,0.0274,NetworkPacketLoss,High packet drop rate,Network
disk_io_utilization,406.7,0.92,0.0364,DiskSaturation,High disk IO utilization,Performance
cpu_throttling_seconds,351.9,0.87,0.0259,CPULimitThrottling,CPU throttling detected,Performance
node_memory_utilization,102.55,0.97,0.0261,MemoryPressure,High memory pressure detected,Performance
node_disk_read_time_seconds,152.16,0.78,0.0139,DiskLatency,Disk read time anomaly,Performance
node_memory_utilization,387.65,0.8,0.0299,MemoryPressure,High memory pressure detected,Performance
memory_oom_kills_total,321.09,0.89,0.0345,MemoryOOM,OOM kills observed,Stability
node_network_latency_seconds,116.89,0.84,0.029,NetworkLatency,High network latency,Network
cpu_throttling_seconds,355.44,0.79,0.0282,CPULimitThrottling,CPU throttling detected,Performance
memory_oom_kills_total,498.91,0.84,0.03,MemoryOOM,OOM kills observed,Stability
node_memory_utilization,184.43,0.85,0.0176,MemoryPressure,High memory pressure detected,Performance
network_rx_dropped_total,892.63,0.92,0.0363,NetworkPacketLoss,High packet drop rate,Network
node_cpu_usage_percent,109.32,0.91,0.0333,HighCPUUsage,CPU usage above threshold,Performance
cpu_throttling_seconds,90.12,0.95,0.0277,CPULimitThrottling,CPU throttling detected,Performance
node_memory_utilization,873.05,0.85,0.0296,MemoryPressure,High memory pressure detected,Performance
memory_oom_kills_total,212.9,0.78,0.0371,MemoryOOM,OOM kills observed,Stability
node_disk_read_time_seconds,483.42,0.75,0.0325,DiskLatency,Disk read time anomaly,Performance
node_disk_read_time_seconds,695.53,0.84,0.0224,DiskLatency,Disk read time anomaly,Performance
node_network_latency_seconds,102.93,0.99,0.0204,NetworkLatency,High network latency,Network
node_disk_read_time_seconds,638.3,0.89,0.0107,DiskLatency,Disk read time anomaly,Performance
node_network_latency_seconds,70.12,0.79,0.0286,NetworkLatency,High network latency,Network
disk_io_utilization,876.16,0.97,0.015,DiskSaturation,High disk IO utilization,Performance
cpu_throttling_seconds,337.03,0.8,0.0139,CPULimitThrottling,CPU throttling detected,Performance
node_cpu_usage_percent,583.26,0.98,0.0157,HighCPUUsage,CPU usage above threshold,Performance
node_memory_utilization,432.72,0.82,0.0202,MemoryPressure,High memory pressure detected,Performance
node_memory_utilization,340.0,0.9,0.0179,MemoryPressure,High memory pressure detected,Performance
node_memory_utilization,509.61,0.79,0.0363,MemoryPressure,High memory pressure detected,Performance
cpu_throttling_seconds,114.35,0.98,0.0193,CPULimitThrottling,CPU throttling detected,Performance
node_memory_utilization,552.69,0.82,0.0221,MemoryPressure,High memory pressure detected,Performance
node_cpu_usage_percent,204.86,0.75,0.0243,HighCPUUsage,CPU usage above threshold,Performance
node_memory_utilization,692.34,0.84,0.0387,MemoryPressure,High memory pressure detected,Performance
node_memory_utilization,729.91,0.99,0.0109,MemoryPressure,High memory pressure detected,Performance
network_rx_dropped_total,689.52,0.93,0.0214,NetworkPacketLoss,High packet drop rate,Network
node_disk_read_time_seconds,840.71,0.94,0.0347,DiskLatency,Disk read time anomaly,Performance
memory_oom_kills_total,666.08,0.89,0.0322,MemoryOOM,OOM kills observed,Stability
node_cpu_usage_percent,427.13,0.96,0.0142,HighCPUUsage,CPU usage above threshold,Performance
node_network_latency_seconds,924.2,0.75,0.0328,NetworkLatency,High network latency,Network
node_cpu_usage_percent,444.21,0.94,0.0183,HighCPUUsage,CPU usage above threshold,Performance
node_network_latency_seconds,576.3,0.81,0.0169,NetworkLatency,High network latency,Network
disk_io_utilization,591.29,0.85,0.0374,DiskSaturation,High disk IO utilization,Performance
node_cpu_usage_percent,308.55,0.92,0.0269,HighCPUUsage,CPU usage above threshold,Performance
disk_io_utilization,919.82,0.85,0.0336,DiskSaturation,High disk IO utilization,Performance
disk_io_utilization,616.26,0.94,0.0274,DiskSaturation,High disk IO utilization,Performance
cpu_throttling_seconds,734.22,0.94,0.0387,CPULimitThrottling,CPU throttling detected,Performance
memory_oom_kills_total,319.61,0.78,0.0119,MemoryOOM,OOM kills observed,Stability
memory_oom_kills_total,822.32,0.9,0.0341,MemoryOOM,OOM kills observed,Stability
network_rx_dropped_total,301.23,0.97,0.0352,NetworkPacketLoss,High packet drop rate,Network
node_disk_read_time_seconds,517.5,0.79,0.0191,DiskLatency,Disk read time anomaly,Performance
network_rx_dropped_total,725.65,0.79,0.0182,NetworkPacketLoss,High packet drop rate,Network
memory_oom_kills_total,480.94,0.93,0.0348,MemoryOOM,OOM kills observed,Stability
node_disk_read_time_seconds,647.79,0.92,0.0262,DiskLatency,Disk read time anomaly,Performance
node_disk_read_time_seconds,112.73,0.92,0.0284,DiskLatency,Disk read time anomaly,Performance
memory_oom_kills_total,707.17,0.97,0.0301,MemoryOOM,OOM kills observed,Stability
disk_io_utilization,717.5,0.84,0.0163,DiskSaturation,High disk IO utilization,Performance
network_rx_dropped_total,687.46,0.76,0.0267,NetworkPacketLoss,High packet drop rate,Network
node_network_latency_seconds,268.95,0.87,0.0251,NetworkLatency,High network latency,Network
node_memory_utilization,703.52,0.91,0.022,MemoryPressure,High memory pressure detected,Performance
node_cpu_usage_percent,521.77,0.87,0.0175,HighCPUUsage,CPU usage above threshold,Performance
cpu_throttling_seconds,16.6,0.96,0.0101,CPULimitThrottling,CPU throttling detected,Performance
node_cpu_usage_percent,245.43,0.81,0.0132,HighCPUUsage,CPU usage above threshold,Performance
network_rx_dropped_total,91.05,0.89,0.0105,NetworkPacketLoss,High packet drop rate,Network
node_network_latency_seconds,390.24,0.92,0.0255,NetworkLatency,High network latency,Network
memory_oom_kills_total,334.18,0.75,0.0286,MemoryOOM,OOM kills observed,Stability
memory_oom_kills_total,561.56,0.99,0.0252,MemoryOOM,OOM kills observed,Stability
node_disk_read_time_seconds,412.61,0.98,0.0145,DiskLatency,Disk read time anomaly,Performance
node_cpu_usage_percent,743.48,0.85,0.0252,HighCPUUsage,CPU usage above threshold,Performance
node_cpu_usage_percent,15.69,0.77,0.0107,HighCPUUsage,CPU usage above threshold,Performance
node_memory_utilization,820.82,0.97,0.0343,MemoryPressure,High memory pressure detected,Performance
memory_oom_kills_total,203.49,0.97,0.0251,MemoryOOM,OOM kills observed,Stability
cpu_throttling_seconds,544.46,0.88,0.024,CPULimitThrottling,CPU throttling detected,Performance
node_network_latency_seconds,224.48,0.75,0.037,NetworkLatency,High network latency,Network
node_disk_read_time_seconds,66.86,0.78,0.0177,DiskLatency,Disk read time anomaly,Performance
node_disk_read_time_seconds,558.11,0.98,0.0136,DiskLatency,Disk read time anomaly,Performance
cpu_throttling_seconds,167.33,0.89,0.0344,CPULimitThrottling,CPU throttling detected,Performance
cpu_throttling_seconds,789.93,0.91,0.0175,CPULimitThrottling,CPU throttling detected,Performance
node_disk_read_time_seconds,321.43,0.77,0.0369,DiskLatency,Disk read time anomaly,Performance
node_network_latency_seconds,404.45,0.97,0.0157,NetworkLatency,High network latency,Network
node_disk_read_time_seconds,570.36,0.8,0.0134,DiskLatency,Disk read time anomaly,Performance
cpu_throttling_seconds,224.31,0.78,0.025,CPULimitThrottling,CPU throttling detected,Performance
node_memory_utilization,409.31,0.92,0.0228,MemoryPressure,High memory pressure detected,Performance
cpu_throttling_seconds,559.99,0.98,0.0253,CPULimitThrottling,CPU throttling detected,Performance
node_network_latency_seconds,501.34,0.82,0.0285,NetworkLatency,High network latency,Network
node_network_latency_seconds,620.28,0.82,0.0214,NetworkLatency,High network latency,Network
network_rx_dropped_total,401.42,0.83,0.0306,NetworkPacketLoss,High packet drop rate,Network
node_memory_utilization,588.9,0.82,0.0207,MemoryPressure,High memory pressure detected,Performance
network_rx_dropped_total,988.96,0.92,0.0344,NetworkPacketLoss,High packet drop rate,Network
node_network_latency_seconds,418.85,0.98,0.0282,NetworkLatency,High network latency,Network
memory_oom_kills_total,649.69,0.77,0.0136,MemoryOOM,OOM kills observed,Stability
disk_io_utilization,725.85,0.8,0.0135,DiskSaturation,High disk IO utilization,Performance
disk_io_utilization,361.68,0.86,0.0278,DiskSaturation,High disk IO utilization,Performance
disk_io_utilization,668.91,0.85,0.0373,DiskSaturation,High disk IO utilization,Performance
node_cpu_usage_percent,82.38,0.89,0.0209,HighCPUUsage,CPU usage above threshold,Performance
disk_io_utilization,738.69,0.86,0.0278,DiskSaturation,High disk IO utilization,Performance
network_rx_dropped_total,552.52,0.86,0.0219,NetworkPacketLoss,High packet drop rate,Network
cpu_throttling_seconds,440.39,0.82,0.0345,CPULimitThrottling,CPU throttling detected,Performance
disk_io_utilization,41.92,0.77,0.0249,DiskSaturation,High disk IO utilization,Performance
node_disk_read_time_seconds,752.78,0.88,0.0165,DiskLatency,Disk read time anomaly,Performance
node_network_latency_seconds,79.03,0.94,0.0365,NetworkLatency,High network latency,Network
node_memory_utilization,352.9,0.8,0.0356,MemoryPressure,High memory pressure detected,Performance
memory_oom_kills_total,758.61,0.88,0.0354,MemoryOOM,OOM kills observed,Stability
network_rx_dropped_total,637.45,0.96,0.0351,NetworkPacketLoss,High packet drop rate,Network
node_network_latency_seconds,173.38,0.77,0.011,NetworkLatency,High network latency,Network
cpu_throttling_seconds,521.61,0.87,0.0259,CPULimitThrottling,CPU throttling detected,Performance
disk_io_utilization,419.34,0.92,0.0266,DiskSaturation,High disk IO utilization,Performance
node_network_latency_seconds,927.76,0.81,0.0297,NetworkLatency,High network latency,Network
memory_oom_kills_total,633.27,0.76,0.0321,MemoryOOM,OOM kills observed,Stability
node_cpu_usage_percent,161.46,0.76,0.018,HighCPUUsage,CPU usage above threshold,Performance
disk_io_utilization,247.69,0.89,0.0308,DiskSaturation,High disk IO utilization,Performance
disk_io_utilization,573.32,0.85,0.0255,DiskSaturation,High disk IO utilization,Performance
node_network_latency_seconds,664.78,0.98,0.0272,NetworkLatency,High network latency,Network
node_disk_read_time_seconds,39.32,0.84,0.0337,DiskLatency,Disk read time anomaly,Performance
node_network_latency_seconds,351.55,0.97,0.0379,NetworkLatency,High network latency,Network
memory_oom_kills_total,164.71,0.93,0.0268,MemoryOOM,OOM kills observed,Stability
network_rx_dropped_total,195.66,0.89,0.0218,NetworkPacketLoss,High packet drop rate,Network
network_rx_dropped_total,497.63,0.77,0.0327,NetworkPacketLoss,High packet drop rate,Network
memory_oom_kills_total,384.31,0.92,0.0168,MemoryOOM,OOM kills observed,Stability
network_rx_dropped_total,486.3,0.77,0.015,NetworkPacketLoss,High packet drop rate,Network
node_network_latency_seconds,691.03,0.88,0.0213,NetworkLatency,High network latency,Network
network_rx_dropped_total,406.33,0.88,0.0285,NetworkPacketLoss,High packet drop rate,Network
cpu_throttling_seconds,93.99,0.84,0.0369,CPULimitThrottling,CPU throttling detected,Performance
disk_io_utilization,339.31,0.91,0.0324,DiskSaturation,High disk IO utilization,Performance
memory_oom_kills_total,108.3,0.87,0.0292,MemoryOOM,OOM kills observed,Stability
cpu_throttling_seconds,851.13,0.78,0.0216,CPULimitThrottling,CPU throttling detected,Performance
node_disk_read_time_seconds,558.4,0.76,0.0236,DiskLatency,Disk read time anomaly,Performance
node_memory_utilization,649.58,0.78,0.0357,MemoryPressure,High memory pressure detected,Performance
node_network_latency_seconds,207.49,0.78,0.0123,NetworkLatency,High network latency,Network
node_network_latency_seconds,441.96,0.8,0.01,NetworkLatency,High network latency,Network
node_disk_read_time_seconds,130.16,0.8,0.0184,DiskLatency,Disk read time anomaly,Performance
node_disk_read_time_seconds,930.96,0.96,0.0105,DiskLatency,Disk read time anomaly,Performance
memory_oom_kills_total,756.8,0.87,0.0223,MemoryOOM,OOM kills observed,Stability
node_network_latency_seconds,490.37,0.97,0.0135,NetworkLatency,High network latency,Network
memory_oom_kills_total,514.51,0.82,0.0321,MemoryOOM,OOM kills observed,Stability
node_memory_utilization,113.85,0.89,0.0309,MemoryPressure,High memory pressure detected,Performance
network_rx_dropped_total,457.07,0.8,0.0281,NetworkPacketLoss,High packet drop rate,Network
disk_io_utilization,678.65,0.91,0.0279,DiskSaturation,High disk IO utilization,Performance
network_rx_dropped_total,877.69,0.89,0.0206,NetworkPacketLoss,High packet drop rate,Network
cpu_throttling_seconds,299.46,0.94,0.0202,CPULimitThrottling,CPU throttling detected,Performance
cpu_throttling_seconds,465.92,0.8,0.0268,CPULimitThrottling,CPU throttling detected,Performance
network_rx_dropped_total,672.47,0.96,0.0118,NetworkPacketLoss,High packet drop rate,Network
node_cpu_usage_percent,577.93,0.8,0.0164,HighCPUUsage,CPU usage above threshold,Performance
memory_oom_kills_total,662.18,0.77,0.0116,MemoryOOM,OOM kills observed,Stability
node_memory_utilization,385.49,0.9,0.0105,MemoryPressure,High memory pressure detected,Performance
node_memory_utilization,445.86,0.94,0.018,MemoryPressure,High memory pressure detected,Performance
node_memory_utilization,52.19,0.95,0.0131,MemoryPressure,High memory pressure detected,Performance
network_rx_dropped_total,613.69,0.85,0.0352,NetworkPacketLoss,High packet drop rate,Network
node_disk_read_time_seconds,41.57,0.88,0.0291,DiskLatency,Disk read time anomaly,Performance
node_network_latency_seconds,753.1,0.93,0.0177,NetworkLatency,High network latency,Network
node_network_latency_seconds,243.25,0.85,0.0117,NetworkLatency,High network latency,Network
node_cpu_usage_percent,847.79,0.8,0.0301,HighCPUUsage,CPU usage above threshold,Performance
node_cpu_usage_percent,417.72,0.76,0.0302,HighCPUUsage,CPU usage above threshold,Performance
cpu_throttling_seconds,616.13,0.76,0.0123,CPULimitThrottling,CPU throttling detected,Performance
cpu_throttling_seconds,939.7,0.79,0.0338,CPULimitThrottling,CPU throttling detected,Performance
cpu_throttling_seconds,810.05,0.89,0.0111,CPULimitThrottling,CPU throttling detected,Performance
node_cpu_usage_percent,663.66,0.86,0.0132,HighCPUUsage,CPU usage above threshold,Performance
node_disk_read_time_seconds,620.11,0.79,0.0294,DiskLatency,Disk read time anomaly,Performance
node_memory_utilization,52.9,0.76,0.0286,MemoryPressure,High memory pressure detected,Performance
node_disk_read_time_seconds,770.44,0.98,0.0286,DiskLatency,Disk read time anomaly,Performance
node_network_latency_seconds,691.51,0.86,0.0107,NetworkLatency,High network latency,Network
node_cpu_usage_percent,780.96,0.92,0.029,HighCPUUsage,CPU usage above threshold,Performance
disk_io_utilization,194.5,0.93,0.0138,DiskSaturation,High disk IO utilization,Performance
node_disk_read_time_seconds,425.81,0.87,0.0296,DiskLatency,Disk read time anomaly,Performance
disk_io_utilization,424.37,0.87,0.0389,DiskSaturation,High disk IO utilization,Performance
node_memory_utilization,741.44,0.94,0.0198,MemoryPressure,High memory pressure detected,Performance
node_memory_utilization,579.37,0.86,0.0396,MemoryPressure,High memory pressure detected,Performance
node_network_latency_seconds,474.63,0.76,0.0303,NetworkLatency,High network latency,Network
disk_io_utilization,504.04,0.84,0.0396,DiskSaturation,High disk IO utilization,Performance
node_cpu_usage_percent,42.72,0.92,0.0386,HighCPUUsage,CPU usage above threshold,Performance
node_cpu_usage_percent,112.26,0.98,0.0107,HighCPUUsage,CPU usage above threshold,Performance
network_rx_dropped_total,248.86,0.99,0.0357,NetworkPacketLoss,High packet drop rate,Network
node_memory_utilization,862.94,0.86,0.0357,MemoryPressure,High memory pressure detected,Performance
cpu_throttling_seconds,767.1,0.81,0.0149,CPULimitThrottling,CPU throttling detected,Performance
node_disk_read_time_seconds,240.8,0.86,0.0357,DiskLatency,Disk read time anomaly,Performance
node_disk_read_time_seconds,198.4,0.97,0.0312,DiskLatency,Disk read time anomaly,Performance
node_memory_utilization,263.38,0.84,0.0223,MemoryPressure,High memory pressure detected,Performance
node_cpu_usage_percent,300.99,0.86,0.0311,HighCPUUsage,CPU usage above threshold,Performance
cpu_throttling_seconds,523.99,0.88,0.0354,CPULimitThrottling,CPU throttling detected,Performance
node_disk_read_time_seconds,668.18,0.78,0.0211,DiskLatency,Disk read time anomaly,Performance
network_rx_dropped_total,410.17,0.79,0.0205,NetworkPacketLoss,High packet drop rate,Network
node_disk_read_time_seconds,283.63,0.96,0.0357,DiskLatency,Disk read time anomaly,Performance
memory_oom_kills_total,253.81,0.83,0.0225,MemoryOOM,OOM kills observed,Stability
node_cpu_usage_percent,368.91,0.92,0.0333,HighCPUUsage,CPU usage above threshold,Performance
node_network_latency_seconds,353.82,0.97,0.0399,NetworkLatency,High network latency,Network
network_rx_dropped_total,749.9,0.83,0.04,NetworkPacketLoss,High packet drop rate,Network
network_rx_dropped_total,156.98,0.85,0.0278,NetworkPacketLoss,High packet drop rate,Network
node_disk_read_time_seconds,781.4,0.96,0.0357,DiskLatency,Disk read time anomaly,Performance
cpu_throttling_seconds,10.17,0.99,0.0101,CPULimitThrottling,CPU throttling detected,Performance
disk_io_utilization,528.44,0.89,0.0138,DiskSaturation,High disk IO utilization,Performance
node_memory_utilization,764.26,0.87,0.0314,MemoryPressure,High memory pressure detected,Performance
disk_io_utilization,384.61,0.79,0.0395,DiskSaturation,High disk IO utilization,Performance
disk_io_utilization,768.21,0.76,0.0311,DiskSaturation,High disk IO utilization,Performance
memory_oom_kills_total,660.78,0.77,0.0231,MemoryOOM,OOM kills observed,Stability
memory_oom_kills_total,194.23,0.85,0.0279,MemoryOOM,OOM kills observed,Stability
node_disk_read_time_seconds,549.29,0.8,0.0358,DiskLatency,Disk read time anomaly,Performance
node_disk_read_time_seconds,613.84,0.96,0.0297,DiskLatency,Disk read time anomaly,Performance
memory_oom_kills_total,621.46,0.93,0.023,MemoryOOM,OOM kills observed,Stability
node_cpu_usage_percent,615.84,0.99,0.0205,HighCPUUsage,CPU usage above threshold,Performance
disk_io_utilization,408.72,0.94,0.0263,DiskSaturation,High disk IO utilization,Performance
node_disk_read_time_seconds,109.26,0.76,0.0336,DiskLatency,Disk read time anomaly,Performance
node_disk_read_time_seconds,122.28,0.96,0.0255,DiskLatency,Disk read time anomaly,Performance
memory_oom_kills_total,762.93,0.8,0.0376,MemoryOOM,OOM kills observed,Stability
cpu_throttling_seconds,205.24,0.84,0.0153,CPULimitThrottling,CPU throttling detected,Performance
network_rx_dropped_total,725.45,0.96,0.01,NetworkPacketLoss,High packet drop rate,Network
network_rx_dropped_total,914.27,0.88,0.0136,NetworkPacketLoss,High packet drop rate,Network
node_cpu_usage_percent,520.52,0.95,0.0282,HighCPUUsage,CPU usage above threshold,Performance
network_rx_dropped_total,9.77,0.85,0.0122,NetworkPacketLoss,High packet drop rate,Network
network_rx_dropped_total,46.94,0.76,0.0381,NetworkPacketLoss,High packet drop rate,Network
network_rx_dropped_total,487.96,0.98,0.0149,NetworkPacketLoss,High packet drop rate,Network
node_cpu_usage_percent,478.1,0.84,0.0334,HighCPUUsage,CPU usage above threshold,Performance
memory_oom_kills_total,243.85,0.81,0.02,MemoryOOM,OOM kills observed,Stability
cpu_throttling_seconds,35.03,0.76,0.0257,CPULimitThrottling,CPU throttling detected,Performance
cpu_throttling_seconds,592.9,0.92,0.0103,CPULimitThrottling,CPU throttling detected,Performance
node_disk_read_time_seconds,780.52,0.83,0.0273,DiskLatency,Disk read time anomaly,Performance
node_memory_utilization,140.76,0.99,0.0346,MemoryPressure,High memory pressure detected,Performance
node_cpu_usage_percent,722.88,0.93,0.0371,HighCPUUsage,CPU usage above threshold,Performance
cpu_throttling_seconds,570.44,0.92,0.0258,CPULimitThrottling,CPU throttling detected,Performance
node_cpu_usage_percent,803.32,0.93,0.0304,HighCPUUsage,CPU usage above threshold,Performance
node_disk_read_time_seconds,83.79,0.89,0.0259,DiskLatency,Disk read time anomaly,Performance
node_cpu_usage_percent,721.98,0.88,0.0242,HighCPUUsage,CPU usage above threshold,Performance
cpu_throttling_seconds,51.71,0.77,0.0381,CPULimitThrottling,CPU throttling detected,Performance
node_cpu_usage_percent,579.69,0.93,0.0225,HighCPUUsage,CPU usage above threshold,Performance
cpu_throttling_seconds,377.66,0.93,0.0355,CPULimitThrottling,CPU throttling detected,Performance
disk_io_utilization,695.29,0.84,0.0339,DiskSaturation,High disk IO utilization,Performance
node_cpu_usage_percent,142.84,0.84,0.0205,HighCPUUsage,CPU usage above threshold,Performance
cpu_throttling_seconds,708.84,0.79,0.0347,CPULimitThrottling,CPU throttling detected,Performance
node_disk_read_time_seconds,559.22,0.96,0.029,DiskLatency,Disk read time anomaly,Performance
node_disk_read_time_seconds,707.79,0.87,0.0111,DiskLatency,Disk read time anomaly,Performance
network_rx_dropped_total,747.95,0.91,0.0361,NetworkPacketLoss,High packet drop rate,Network
node_cpu_usage_percent,781.33,0.91,0.0203,HighCPUUsage,CPU usage above threshold,Performance
disk_io_utilization,729.87,0.89,0.0201,DiskSaturation,High disk IO utilization,Performance
cpu_throttling_seconds,525.68,0.94,0.0218,CPULimitThrottling,CPU throttling detected,Performance
disk_io_utilization,520.32,0.97,0.033,DiskSaturation,High disk IO utilization,Performance
network_rx_dropped_total,94.79,0.81,0.0212,NetworkPacketLoss,High packet drop rate,Network
disk_io_utilization,240.19,0.83,0.0249,DiskSaturation,High disk IO utilization,Performance
cpu_throttling_seconds,680.58,0.9,0.0399,CPULimitThrottling,CPU throttling detected,Performance
memory_oom_kills_total,380.32,0.82,0.0194,MemoryOOM,OOM kills observed,Stability
node_network_latency_seconds,206.32,0.79,0.033,NetworkLatency,High network latency,Network
disk_io_utilization,249.79,0.79,0.0227,DiskSaturation,High disk IO utilization,Performance
node_network_latency_seconds,927.34,0.99,0.0188,NetworkLatency,High network latency,Network
disk_io_utilization,91.77,0.86,0.0373,DiskSaturation,High disk IO utilization,Performance
node_disk_read_time_seconds,539.59,0.89,0.0176,DiskLatency,Disk read time anomaly,Performance
cpu_throttling_seconds,78.86,0.99,0.033,CPULimitThrottling,CPU throttling detected,Performance
memory_oom_kills_total,295.39,0.76,0.0362,MemoryOOM,OOM kills observed,Stability
disk_io_utilization,668.89,0.9,0.0119,DiskSaturation,High disk IO utilization,Performance
network_rx_dropped_total,513.76,0.96,0.0119,NetworkPacketLoss,High packet drop rate,Network
node_disk_read_time_seconds,809.1,0.97,0.0169,DiskLatency,Disk read time anomaly,Performance
network_rx_dropped_total,679.84,0.8,0.0206,NetworkPacketLoss,High packet drop rate,Network
cpu_throttling_seconds,27.18,0.78,0.0298,CPULimitThrottling,CPU throttling detected,Performance
node_cpu_usage_percent,596.12,0.91,0.0351,HighCPUUsage,CPU usage above threshold,Performance
node_disk_read_time_seconds,141.57,0.76,0.0284,DiskLatency,Disk read time anomaly,Performance
disk_io_utilization,156.12,0.97,0.0298,DiskSaturation,High disk IO utilization,Performance
node_cpu_usage_percent,167.53,0.78,0.0254,HighCPUUsage,CPU usage above threshold,Performance
disk_io_utilization,133.54,0.83,0.0308,DiskSaturation,High disk IO utilization,Performance
memory_oom_kills_total,73.66,0.93,0.014,MemoryOOM,OOM kills observed,Stability
node_disk_read_time_seconds,170.61,0.79,0.0146,DiskLatency,Disk read time anomaly,Performance
node_cpu_usage_percent,404.09,0.96,0.0247,HighCPUUsage,CPU usage above threshold,Performance
cpu_throttling_seconds,816.49,0.85,0.0225,CPULimitThrottling,CPU throttling detected,Performance
disk_io_utilization,183.25,0.93,0.0331,DiskSaturation,High disk IO utilization,Performance
node_memory_utilization,230.17,0.89,0.0112,MemoryPressure,High memory pressure detected,Performance
node_network_latency_seconds,638.51,0.91,0.038,NetworkLatency,High network latency,Network
node_cpu_usage_percent,829.38,0.99,0.0277,HighCPUUsage,CPU usage above threshold,Performance
node_cpu_usage_percent,200.57,0.84,0.0125,HighCPUUsage,CPU usage above threshold,Performance
node_cpu_usage_percent,526.96,0.75,0.0287,HighCPUUsage,CPU usage above threshold,Performance
node_memory_utilization,229.47,0.99,0.0244,MemoryPressure,High memory pressure detected,Performance
memory_oom_kills_total,509.58,0.91,0.0361,MemoryOOM,OOM kills observed,Stability
cpu_throttling_seconds,310.42,0.85,0.0383,CPULimitThrottling,CPU throttling detected,Performance
disk_io_utilization,365.48,0.95,0.0391,DiskSaturation,High disk IO utilization,Performance
disk_io_utilization,473.29,0.8,0.0133,DiskSaturation,High disk IO utilization,Performance
node_disk_read_time_seconds,421.26,0.76,0.0148,DiskLatency,Disk read time anomaly,Performance
disk_io_utilization,536.66,0.93,0.0225,DiskSaturation,High disk IO utilization,Performance
cpu_throttling_seconds,8.62,0.83,0.0331,CPULimitThrottling,CPU throttling detected,Performance
disk_io_utilization,838.76,0.83,0.0108,DiskSaturation,High disk IO utilization,Performance
cpu_throttling_seconds,388.98,0.79,0.0195,CPULimitThrottling,CPU throttling detected,Performance
node_cpu_usage_percent,551.69,0.84,0.0314,HighCPUUsage,CPU usage above threshold,Performance
node_cpu_usage_percent,157.13,0.85,0.0118,HighCPUUsage,CPU usage above threshold,Performance
node_cpu_usage_percent,171.87,0.95,0.0125,HighCPUUsage,CPU usage above threshold,Performance
network_rx_dropped_total,131.74,0.77,0.0388,NetworkPacketLoss,High packet drop rate,Network
node_network_latency_seconds,157.53,0.76,0.0133,NetworkLatency,High network latency,Network
memory_oom_kills_total,193.69,0.79,0.0192,MemoryOOM,OOM kills observed,Stability
node_cpu_usage_percent,116.4,0.8,0.014,HighCPUUsage,CPU usage above threshold,Performance
memory_oom_kills_total,561.1,0.79,0.0318,MemoryOOM,OOM kills observed,Stability
disk_io_utilization,419.84,0.78,0.0318,DiskSaturation,High disk IO utilization,Performance
network_rx_dropped_total,737.82,0.91,0.0223,NetworkPacketLoss,High packet drop rate,Network
disk_io_utilization,86.04,0.76,0.0307,DiskSaturation,High disk IO utilization,Performance
node_network_latency_seconds,100.72,0.86,0.0176,NetworkLatency,High network latency,Network
node_network_latency_seconds,825.47,0.95,0.0372,NetworkLatency,High network latency,Network
node_network_latency_seconds,14.93,0.83,0.028,NetworkLatency,High network latency,Network
disk_io_utilization,259.16,0.96,0.0128,DiskSaturation,High disk IO utilization,Performance
node_cpu_usage_percent,699.51,0.9,0.0185,HighCPUUsage,CPU usage above threshold,Performance
node_memory_utilization,166.61,0.91,0.0258,MemoryPressure,High memory pressure detected,Performance
node_disk_read_time_seconds,655.68,0.76,0.0227,DiskLatency,Disk read time anomaly,Performance
node_memory_utilization,889.69,0.83,0.0319,MemoryPressure,High memory pressure detected,Performance
node_network_latency_seconds,612.26,0.88,0.0292,NetworkLatency,High network latency,Network
cpu_throttling_seconds,22.98,0.9,0.0302,CPULimitThrottling,CPU throttling detected,Performance
network_rx_dropped_total,167.62,0.87,0.0104,NetworkPacketLoss,High packet drop rate,Network
node_cpu_usage_percent,257.26,0.9,0.0339,HighCPUUsage,CPU usage above threshold,Performance
